Workbook

Sheet Summary CC Vol
B2: Sheet Name | C2: 1 | D2: =C2+1 -> 2 | E2: =D2+1 -> 3 | F2: =E2+1 -> 4 | G2: =F2+1 -> 5 | H2: =G2+1 -> 6 | I2: =H2+1 -> 7 | J2: =I2+1 -> 8 | K2: =J2+1 -> 9 | ... AL2: =AK2+1 -> 36 | AM2: 37
A3: Category | B3: Months | C3: 44562 | D3: =EOMONTH(C3,1)-1 -> 44619 | E3: =EOMONTH(D3,1)-1 -> 44650 | F3: =EOMONTH(E3,1)-1 -> 44680 | G3: =EOMONTH(F3,1)-1 -> 44711 | H3: =EOMONTH(G3,1)-1 -> 44741 | I3: =EOMONTH(H3,1)-1 -> 44772 | J3: =EOMONTH(I3,1)-1 -> 44803 | K3: =EOMONTH(J3,1)-1 -> 44833 | ... AM3: =EOMONTH(AL3,1)-1 -> 45687 | AO3: FY 24 9M | AP3: FY 25 9 M | AT3: % distribution of Total
A4: Private Sector Banks | B4: HDFC BANK LTD | C4: =IFERROR(VLOOKUP(B4,'1'!$C$3:$S$100,8,FALSE),"") -> 16045393 | D4: =IFERROR(VLOOKUP(B4,'2'!$C$3:$S$100,8,FALSE),"") -> 16272871 | E4: =IFERROR(VLOOKUP($B4,INDIRECT("'" & E$2 & "'!$C$3:$R$100"),8,FALSE),"") -> 16536735 | F4: =IFERROR(VLOOKUP($B4,INDIRECT("'" & F$2 & "'!$C$3:$R$100"),8,FALSE),"") -> 16833724 | G4: =IFERROR(VLOOKUP($B4,INDIRECT("'" & G$2 & "'!$C$3:$R$100"),8,FALSE),"") -> 17219010 | H4: =IFERROR(VLOOKUP($B4,INDIRECT("'" & H$2 & "'!$C$3:$R$100"),8,FALSE),"") -> 17605497 | I4: =IFERROR(VLOOKUP($B4,INDIRECT("'" & I$2 & "'!$C$3:$R$100"),8,FALSE),"") -> 17949861 | J4: =IFERROR(VLOOKUP($B4,INDIRECT("'" & J$2 & "'!$C$3:$R$100"),8,FALSE),"") -> 16428971 | K4: =IFERROR(VLOOKUP($B4,INDIRECT("'" & K$2 & "'!$C$3:$R$100"),8,FALSE),"") -> 16328522 | L4: =IFERROR(VLOOKUP($B4,INDIRECT("'" & L$2 & "'!$C$3:$R$100"),8,FALSE),"") -> 16546501 | ... AM4: =IFERROR(VLOOKUP($B4,INDIRECT("'" & AM$2 & "'!$C$3:$R$100"),8,FALSE),"") -> 23444799 | AN4: =AL4/SUM($AL$4:$AL$68) -> 0.21419503 | AO4: =Z4/R4-1 -> 0.11181319 | AP4: =AL4/AD4-1 -> 0.1115584 | AT4: =IFERROR(AJ4/$AJ$69,"") -> 0.21186622
A5: Scheduled Commercial Banks | B5: STATE BANK OF INDIA | C5: =IFERROR(VLOOKUP(B5,'1'!$C$3:$S$100,8,FALSE),"") -> 13312608 | D5: =IFERROR(VLOOKUP(B5,'2'!$C$3:$S$100,8,FALSE),"") -> 13521728 | E5: =IFERROR(VLOOKUP($B5,INDIRECT("'" & E$2 & "'!$C$3:$R$100"),8,FALSE),"") -> 13766861 | F5: =IFERROR(VLOOKUP($B5,INDIRECT("'" & F$2 & "'!$C$3:$R$100"),8,FALSE),"") -> 13946540 | G5: =IFERROR(VLOOKUP($B5,INDIRECT("'" & G$2 & "'!$C$3:$R$100"),8,FALSE),"") -> 14148758 | H5: =IFERROR(VLOOKUP($B5,INDIRECT("'" & H$2 & "'!$C$3:$R$100"),8,FALSE),"") -> 14315734 | I5: =IFERROR(VLOOKUP($B5,INDIRECT("'" & I$2 & "'!$C$3:$R$100"),8,FALSE),"") -> 14534667 | J5: =IFERROR(VLOOKUP($B5,INDIRECT("'" & J$2 & "'!$C$3:$R$100"),8,FALSE),"") -> 14830926 | K5: =IFERROR(VLOOKUP($B5,INDIRECT("'" & K$2 & "'!$C$3:$R$100"),8,FALSE),"") -> 14828035 | L5: =IFERROR(VLOOKUP($B5,INDIRECT("'" & L$2 & "'!$C$3:$R$100"),8,FALSE),"") -> 15167195 | ... AM5: =IFERROR(VLOOKUP($B5,INDIRECT("'" & AM$2 & "'!$C$3:$R$100"),8,FALSE),"") -> 20481479 | AN5: =AL5/SUM($AL$4:$AL$68) -> 0.18737469 | AO5: =Z5/R5-1 -> 0.096100556 | AP5: =AL5/AD5-1 -> 0.065426824 | AT5: =IFERROR(AJ5/$AJ$69,"") -> 0.18530464
A6: Private Sector Banks | B6: ICICI BANK LTD | C6: =IFERROR(VLOOKUP(B6,'1'!$C$3:$S$100,8,FALSE),"") -> 12595116 | D6: =IFERROR(VLOOKUP(B6,'2'!$C$3:$S$100,8,FALSE),"") -> 12773465 | E6: =IFERROR(VLOOKUP($B6,INDIRECT("'" & E$2 & "'!$C$3:$R$100"),8,FALSE),"") -> 12978825 | F6: =IFERROR(VLOOKUP($B6,INDIRECT("'" & F$2 & "'!$C$3:$R$100"),8,FALSE),"") -> 13128334 | G6: =IFERROR(VLOOKUP($B6,INDIRECT("'" & G$2 & "'!$C$3:$R$100"),8,FALSE),"") -> 13340781 | H6: =IFERROR(VLOOKUP($B6,INDIRECT("'" & H$2 & "'!$C$3:$R$100"),8,FALSE),"") -> 13531271 | I6: =IFERROR(VLOOKUP($B6,INDIRECT("'" & I$2 & "'!$C$3:$R$100"),8,FALSE),"") -> 13725493 | J6: =IFERROR(VLOOKUP($B6,INDIRECT("'" & J$2 & "'!$C$3:$R$100"),8,FALSE),"") -> 13937013 | K6: =IFERROR(VLOOKUP($B6,INDIRECT("'" & K$2 & "'!$C$3:$R$100"),8,FALSE),"") -> 13316346 | L6: =IFERROR(VLOOKUP($B6,INDIRECT("'" & L$2 & "'!$C$3:$R$100"),8,FALSE),"") -> 13537626 | ... AM6: =IFERROR(VLOOKUP($B6,INDIRECT("'" & AM$2 & "'!$C$3:$R$100"),8,FALSE),"") -> 18084209 | AN6: =AL6/SUM($AL$4:$AL$68) -> 0.16566473 | AO6: =Z6/R6-1 -> 0.13084782 | AP6: =AL6/AD6-1 -> 0.052492847 | AT6: =IFERROR(AJ6/$AJ$69,"") -> 0.16559835
A7: Private Sector Banks | B7: AXIS BANK LTD | C7: =IFERROR(VLOOKUP(B7,'1'!$C$3:$S$100,8,FALSE),"") -> 8353076 | D7: =IFERROR(VLOOKUP(B7,'2'!$C$3:$S$100,8,FALSE),"") -> 8600863 | E7: =IFERROR(VLOOKUP($B7,INDIRECT("'" & E$2 & "'!$C$3:$R$100"),8,FALSE),"") -> 9034829 | F7: =IFERROR(VLOOKUP($B7,INDIRECT("'" & F$2 & "'!$C$3:$R$100"),8,FALSE),"") -> 9261251 | G7: =IFERROR(VLOOKUP($B7,INDIRECT("'" & G$2 & "'!$C$3:$R$100"),8,FALSE),"") -> 9475786 | H7: =IFERROR(VLOOKUP($B7,INDIRECT("'" & H$2 & "'!$C$3:$R$100"),8,FALSE),"") -> 9704719 | I7: =IFERROR(VLOOKUP($B7,INDIRECT("'" & I$2 & "'!$C$3:$R$100"),8,FALSE),"") -> 9932333 | J7: =IFERROR(VLOOKUP($B7,INDIRECT("'" & J$2 & "'!$C$3:$R$100"),8,FALSE),"") -> 8879353 | K7: =IFERROR(VLOOKUP($B7,INDIRECT("'" & K$2 & "'!$C$3:$R$100"),8,FALSE),"") -> 8824819 | L7: =IFERROR(VLOOKUP($B7,INDIRECT("'" & L$2 & "'!$C$3:$R$100"),8,FALSE),"") -> 9086186 | ... AM7: =IFERROR(VLOOKUP($B7,INDIRECT("'" & AM$2 & "'!$C$3:$R$100"),8,FALSE),"") -> 14782101 | AN7: =AL7/SUM($AL$4:$AL$68) -> 0.13693803 | AO7: =Z7/R7-1 -> 0.10693579 | AP7: =AL7/AD7-1 -> 0.040319823 | AT7: =IFERROR(AJ7/$AJ$69,"") -> 0.13819535
A8: Private Sector Banks | B8: RBL BANK LTD | C8: =IFERROR(VLOOKUP(B8,'1'!$C$3:$S$100,8,FALSE),"") -> 3556159 | D8: =IFERROR(VLOOKUP(B8,'2'!$C$3:$S$100,8,FALSE),"") -> 3631509 | E8: =IFERROR(VLOOKUP($B8,INDIRECT("'" & E$2 & "'!$C$3:$R$100"),8,FALSE),"") -> 3682603 | F8: =IFERROR(VLOOKUP($B8,INDIRECT("'" & F$2 & "'!$C$3:$R$100"),8,FALSE),"") -> 3754269 | G8: =IFERROR(VLOOKUP($B8,INDIRECT("'" & G$2 & "'!$C$3:$R$100"),8,FALSE),"") -> 3827746 | H8: =IFERROR(VLOOKUP($B8,INDIRECT("'" & H$2 & "'!$C$3:$R$100"),8,FALSE),"") -> 3914742 | I8: =IFERROR(VLOOKUP($B8,INDIRECT("'" & I$2 & "'!$C$3:$R$100"),8,FALSE),"") -> 4005255 | J8: =IFERROR(VLOOKUP($B8,INDIRECT("'" & J$2 & "'!$C$3:$R$100"),8,FALSE),"") -> 4044789 | K8: =IFERROR(VLOOKUP($B8,INDIRECT("'" & K$2 & "'!$C$3:$R$100"),8,FALSE),"") -> 4097800 | L8: =IFERROR(VLOOKUP($B8,INDIRECT("'" & L$2 & "'!$C$3:$R$100"),8,FALSE),"") -> 4166704 | ... AM8: =IFERROR(VLOOKUP($B8,INDIRECT("'" & AM$2 & "'!$C$3:$R$100"),8,FALSE),"") -> 4973507 | AN8: =AL8/SUM($AL$4:$AL$68) -> 0.046628086 | AO8: =Z8/R8-1 -> 0.11343882 | AP8: =AL8/AD8-1 -> -0.033780776 | AT8: =IFERROR(AJ8/$AJ$69,"") -> 0.048409025
A9: Private Sector Banks | B9: KOTAK MAHINDRA BANK LTD | C9: =IFERROR(VLOOKUP(B9,'1'!$C$3:$S$100,8,FALSE),"") -> 2877676 | D9: =IFERROR(VLOOKUP(B9,'2'!$C$3:$S$100,8,FALSE),"") -> 3034474 | E9: =IFERROR(VLOOKUP($B9,INDIRECT("'" & E$2 & "'!$C$3:$R$100"),8,FALSE),"") -> 3196377 | F9: =IFERROR(VLOOKUP($B9,INDIRECT("'" & F$2 & "'!$C$3:$R$100"),8,FALSE),"") -> 3425409 | G9: =IFERROR(VLOOKUP($B9,INDIRECT("'" & G$2 & "'!$C$3:$R$100"),8,FALSE),"") -> 3606571 | H9: =IFERROR(VLOOKUP($B9,INDIRECT("'" & H$2 & "'!$C$3:$R$100"),8,FALSE),"") -> 3869513 | I9: =IFERROR(VLOOKUP($B9,INDIRECT("'" & I$2 & "'!$C$3:$R$100"),8,FALSE),"") -> 4052093 | J9: =IFERROR(VLOOKUP($B9,INDIRECT("'" & J$2 & "'!$C$3:$R$100"),8,FALSE),"") -> 4107595 | K9: =IFERROR(VLOOKUP($B9,INDIRECT("'" & K$2 & "'!$C$3:$R$100"),8,FALSE),"") -> 4299906 | L9: =IFERROR(VLOOKUP($B9,INDIRECT("'" & L$2 & "'!$C$3:$R$100"),8,FALSE),"") -> 4519524 | ... AM9: =IFERROR(VLOOKUP($B9,INDIRECT("'" & AM$2 & "'!$C$3:$R$100"),8,FALSE),"") -> 4995388 | AN9: =AL9/SUM($AL$4:$AL$68) -> 0.046472361 | AO9: =Z9/R9-1 -> 0.15022129 | AP9: =AL9/AD9-1 -> -0.16313047 | AT9: =IFERROR(AJ9/$AJ$69,"") -> 0.04871478
A10: Private Sector Banks | B10: IDFC FIRST BANK LTD | C10: =IFERROR(VLOOKUP(B10,'1'!$C$3:$S$100,8,FALSE),"") -> 685934 | D10: =IFERROR(VLOOKUP(B10,'2'!$C$3:$S$100,8,FALSE),"") -> 739541 | E10: =IFERROR(VLOOKUP($B10,INDIRECT("'" & E$2 & "'!$C$3:$R$100"),8,FALSE),"") -> 799219 | F10: =IFERROR(VLOOKUP($B10,INDIRECT("'" & F$2 & "'!$C$3:$R$100"),8,FALSE),"") -> 856394 | G10: =IFERROR(VLOOKUP($B10,INDIRECT("'" & G$2 & "'!$C$3:$R$100"),8,FALSE),"") -> 887837 | H10: =IFERROR(VLOOKUP($B10,INDIRECT("'" & H$2 & "'!$C$3:$R$100"),8,FALSE),"") -> 962792 | I10: =IFERROR(VLOOKUP($B10,INDIRECT("'" & I$2 & "'!$C$3:$R$100"),8,FALSE),"") -> 1042747 | J10: =IFERROR(VLOOKUP($B10,INDIRECT("'" & J$2 & "'!$C$3:$R$100"),8,FALSE),"") -> 1113545 | K10: =IFERROR(VLOOKUP($B10,INDIRECT("'" & K$2 & "'!$C$3:$R$100"),8,FALSE),"") -> 1204190 | L10: =IFERROR(VLOOKUP($B10,INDIRECT("'" & L$2 & "'!$C$3:$R$100"),8,FALSE),"") -> 1269278 | ... AM10: =IFERROR(VLOOKUP($B10,INDIRECT("'" & AM$2 & "'!$C$3:$R$100"),8,FALSE),"") -> 3388080 | AN10: =AL10/SUM($AL$4:$AL$68) -> 0.03046386 | AO10: =Z10/R10-1 -> 0.42450191 | AP10: =AL10/AD10-1 -> 0.2402193 | AT10: =IFERROR(AJ10/$AJ$69,"") -> 0.029431464
A11: Private Sector Banks | B11: INDUSIND BANK LTD | C11: =IFERROR(VLOOKUP(B11,'1'!$C$3:$S$100,8,FALSE),"") -> 1788984 | D11: =IFERROR(VLOOKUP(B11,'2'!$C$3:$S$100,8,FALSE),"") -> 1837032 | E11: =IFERROR(VLOOKUP($B11,INDIRECT("'" & E$2 & "'!$C$3:$R$100"),8,FALSE),"") -> 1880393 | F11: =IFERROR(VLOOKUP($B11,INDIRECT("'" & F$2 & "'!$C$3:$R$100"),8,FALSE),"") -> 1922608 | G11: =IFERROR(VLOOKUP($B11,INDIRECT("'" & G$2 & "'!$C$3:$R$100"),8,FALSE),"") -> 1972365 | H11: =IFERROR(VLOOKUP($B11,INDIRECT("'" & H$2 & "'!$C$3:$R$100"),8,FALSE),"") -> 2029218 | I11: =IFERROR(VLOOKUP($B11,INDIRECT("'" & I$2 & "'!$C$3:$R$100"),8,FALSE),"") -> 1822569 | J11: =IFERROR(VLOOKUP($B11,INDIRECT("'" & J$2 & "'!$C$3:$R$100"),8,FALSE),"") -> 1869104 | K11: =IFERROR(VLOOKUP($B11,INDIRECT("'" & K$2 & "'!$C$3:$R$100"),8,FALSE),"") -> 1931403 | L11: =IFERROR(VLOOKUP($B11,INDIRECT("'" & L$2 & "'!$C$3:$R$100"),8,FALSE),"") -> 1964481 | ... AM11: =IFERROR(VLOOKUP($B11,INDIRECT("'" & AM$2 & "'!$C$3:$R$100"),8,FALSE),"") -> 3152176 | AN11: =AL11/SUM($AL$4:$AL$68) -> 0.028849631 | AO11: =Z11/R11-1 -> 0.20216132 | AP11: =AL11/AD11-1 -> 0.06150836 | AT11: =IFERROR(AJ11/$AJ$69,"") -> 0.028576161
A12: Scheduled Commercial Banks | B12: BANK OF BARODA | C12: =IFERROR(VLOOKUP(B12,'1'!$C$3:$S$100,8,FALSE),"") -> 862290 | D12: =IFERROR(VLOOKUP(B12,'2'!$C$3:$S$100,8,FALSE),"") -> 945037 | E12: =IFERROR(VLOOKUP($B12,INDIRECT("'" & E$2 & "'!$C$3:$R$100"),8,FALSE),"") -> 1103921 | F12: =IFERROR(VLOOKUP($B12,INDIRECT("'" & F$2 & "'!$C$3:$R$100"),8,FALSE),"") -> 1194104 | G12: =IFERROR(VLOOKUP($B12,INDIRECT("'" & G$2 & "'!$C$3:$R$100"),8,FALSE),"") -> 1267896 | H12: =IFERROR(VLOOKUP($B12,INDIRECT("'" & H$2 & "'!$C$3:$R$100"),8,FALSE),"") -> 1348264 | I12: =IFERROR(VLOOKUP($B12,INDIRECT("'" & I$2 & "'!$C$3:$R$100"),8,FALSE),"") -> 1416927 | J12: =IFERROR(VLOOKUP($B12,INDIRECT("'" & J$2 & "'!$C$3:$R$100"),8,FALSE),"") -> 1428072 | K12: =IFERROR(VLOOKUP($B12,INDIRECT("'" & K$2 & "'!$C$3:$R$100"),8,FALSE),"") -> 1502964 | L12: =IFERROR(VLOOKUP($B12,INDIRECT("'" & L$2 & "'!$C$3:$R$100"),8,FALSE),"") -> 1578148 | ... AM12: =IFERROR(VLOOKUP($B12,INDIRECT("'" & AM$2 & "'!$C$3:$R$100"),8,FALSE),"") -> 2936005 | AN12: =AL12/SUM($AL$4:$AL$68) -> 0.027188667 | AO12: =Z12/R12-1 -> 0.15346007 | AP12: =AL12/AD12-1 -> 0.15036932 | AT12: =IFERROR(AJ12/$AJ$69,"") -> 0.026938444
A13: Private Sector Banks | B13: YES BANK LTD | C13: =IFERROR(VLOOKUP(B13,'1'!$C$3:$S$100,8,FALSE),"") -> 1105401 | D13: =IFERROR(VLOOKUP(B13,'2'!$C$3:$S$100,8,FALSE),"") -> 1144367 | E13: =IFERROR(VLOOKUP($B13,INDIRECT("'" & E$2 & "'!$C$3:$R$100"),8,FALSE),"") -> 1184542 | F13: =IFERROR(VLOOKUP($B13,INDIRECT("'" & F$2 & "'!$C$3:$R$100"),8,FALSE),"") -> 1209178 | G13: =IFERROR(VLOOKUP($B13,INDIRECT("'" & G$2 & "'!$C$3:$R$100"),8,FALSE),"") -> 1238367 | H13: =IFERROR(VLOOKUP($B13,INDIRECT("'" & H$2 & "'!$C$3:$R$100"),8,FALSE),"") -> 1294496 | I13: =IFERROR(VLOOKUP($B13,INDIRECT("'" & I$2 & "'!$C$3:$R$100"),8,FALSE),"") -> 1331990 | J13: =IFERROR(VLOOKUP($B13,INDIRECT("'" & J$2 & "'!$C$3:$R$100"),8,FALSE),"") -> 1246243 | K13: =IFERROR(VLOOKUP($B13,INDIRECT("'" & K$2 & "'!$C$3:$R$100"),8,FALSE),"") -> 1291423 | L13: =IFERROR(VLOOKUP($B13,INDIRECT("'" & L$2 & "'!$C$3:$R$100"),8,FALSE),"") -> 1327942 | ... AM13: =IFERROR(VLOOKUP($B13,INDIRECT("'" & AM$2 & "'!$C$3:$R$100"),8,FALSE),"") -> 2410672 | AN13: =AL13/SUM($AL$4:$AL$68) -> 0.022284243 | AO13: =Z13/R13-1 -> 0.25121422 | AP13: =AL13/AD13-1 -> 0.14054839 | AT13: =IFERROR(AJ13/$AJ$69,"") -> 0.021910203
A14: Foreign Banks | B14: AMERICAN EXPRESS BANKING CORPORATION | C14: =IFERROR(VLOOKUP(B14,'1'!$C$3:$S$100,8,FALSE),"") -> 1405362 | D14: =IFERROR(VLOOKUP(B14,'2'!$C$3:$S$100,8,FALSE),"") -> 1393728 | E14: =IFERROR(VLOOKUP($B14,INDIRECT("'" & E$2 & "'!$C$3:$R$100"),8,FALSE),"") -> 1383221 | F14: =IFERROR(VLOOKUP($B14,INDIRECT("'" & F$2 & "'!$C$3:$R$100"),8,FALSE),"") -> 1375307 | G14: =IFERROR(VLOOKUP($B14,INDIRECT("'" & G$2 & "'!$C$3:$R$100"),8,FALSE),"") -> 1366552 | H14: =IFERROR(VLOOKUP($B14,INDIRECT("'" & H$2 & "'!$C$3:$R$100"),8,FALSE),"") -> 1360776 | I14: =IFERROR(VLOOKUP($B14,INDIRECT("'" & I$2 & "'!$C$3:$R$100"),8,FALSE),"") -> 1356420 | J14: =IFERROR(VLOOKUP($B14,INDIRECT("'" & J$2 & "'!$C$3:$R$100"),8,FALSE),"") -> 1353402 | K14: =IFERROR(VLOOKUP($B14,INDIRECT("'" & K$2 & "'!$C$3:$R$100"),8,FALSE),"") -> 1299223 | L14: =IFERROR(VLOOKUP($B14,INDIRECT("'" & L$2 & "'!$C$3:$R$100"),8,FALSE),"") -> 1304696 | ... AM14: =IFERROR(VLOOKUP($B14,INDIRECT("'" & AM$2 & "'!$C$3:$R$100"),8,FALSE),"") -> 1453258 | AN14: =AL14/SUM($AL$4:$AL$68) -> 0.01330328 | AO14: =Z14/R14-1 -> 0.011136277 | AP14: =AL14/AD14-1 -> 0.061644913 | AT14: =IFERROR(AJ14/$AJ$69,"") -> 0.013377497
A15: Private Sector Banks | B15: FEDERAL BANK LTD | C15: =IFERROR(VLOOKUP(B15,'1'!$C$3:$S$100,8,FALSE),"") -> 87536 | D15: =IFERROR(VLOOKUP(B15,'2'!$C$3:$S$100,8,FALSE),"") -> 104232 | E15: =IFERROR(VLOOKUP($B15,INDIRECT("'" & E$2 & "'!$C$3:$R$100"),8,FALSE),"") -> 134841 | F15: =IFERROR(VLOOKUP($B15,INDIRECT("'" & F$2 & "'!$C$3:$R$100"),8,FALSE),"") -> 170251 | G15: =IFERROR(VLOOKUP($B15,INDIRECT("'" & G$2 & "'!$C$3:$R$100"),8,FALSE),"") -> 205091 | H15: =IFERROR(VLOOKUP($B15,INDIRECT("'" & H$2 & "'!$C$3:$R$100"),8,FALSE),"") -> 234580 | I15: =IFERROR(VLOOKUP($B15,INDIRECT("'" & I$2 & "'!$C$3:$R$100"),8,FALSE),"") -> 264497 | J15: =IFERROR(VLOOKUP($B15,INDIRECT("'" & J$2 & "'!$C$3:$R$100"),8,FALSE),"") -> 297437 | K15: =IFERROR(VLOOKUP($B15,INDIRECT("'" & K$2 & "'!$C$3:$R$100"),8,FALSE),"") -> 332823 | L15: =IFERROR(VLOOKUP($B15,INDIRECT("'" & L$2 & "'!$C$3:$R$100"),8,FALSE),"") -> 370543 | ... AM15: =IFERROR(VLOOKUP($B15,INDIRECT("'" & AM$2 & "'!$C$3:$R$100"),8,FALSE),"") -> 1120269 | AN15: =AL15/SUM($AL$4:$AL$68) -> 0.010134819 | AO15: =Z15/R15-1 -> 0.55724176 | AP15: =AL15/AD15-1 -> 0.12914707 | AT15: =IFERROR(AJ15/$AJ$69,"") -> 0.009921222
... A41: Small Finance Banks | B41: EQUITAS SMALL FINANCE BANK LTD | C41: =IFERROR(VLOOKUP(B41,'1'!$C$3:$S$100,8,FALSE),"") -> 0 | D41: =IFERROR(VLOOKUP(B41,'2'!$C$3:$S$100,8,FALSE),"") -> 0 | E41: =IFERROR(VLOOKUP($B41,INDIRECT("'" & E$2 & "'!$C$3:$R$100"),8,FALSE),"") -> 0 | F41: =IFERROR(VLOOKUP($B41,INDIRECT("'" & F$2 & "'!$C$3:$R$100"),8,FALSE),"") -> 0 | G41: =IFERROR(VLOOKUP($B41,INDIRECT("'" & G$2 & "'!$C$3:$R$100"),8,FALSE),"") -> 0 | H41: =IFERROR(VLOOKUP($B41,INDIRECT("'" & H$2 & "'!$C$3:$R$100"),8,FALSE),"") -> 0 | I41: =IFERROR(VLOOKUP($B41,INDIRECT("'" & I$2 & "'!$C$3:$R$100"),8,FALSE),"") -> 0 | J41: =IFERROR(VLOOKUP($B41,INDIRECT("'" & J$2 & "'!$C$3:$R$100"),8,FALSE),"") -> 0 | K41: =IFERROR(VLOOKUP($B41,INDIRECT("'" & K$2 & "'!$C$3:$R$100"),8,FALSE),"") -> 0 | L41: =IFERROR(VLOOKUP($B41,INDIRECT("'" & L$2 & "'!$C$3:$R$100"),8,FALSE),"") -> 0 | ... AM41: =IFERROR(VLOOKUP($B41,INDIRECT("'" & AM$2 & "'!$C$3:$R$100"),8,FALSE),"") -> 65 | AN41: =AL41/SUM($AL$4:$AL$68) -> 1.0179916e-07 | AO41: =Z41/R41-1 -> #DIV/0! | AP41: =AL41/AD41-1 -> #DIV/0! | AT41: =IFERROR(AJ41/$AJ$69,"") -> 0
A42: Small Finance Banks | B42: FINCARE SMALL FINANCE BANK LIMITED | C42: =IFERROR(VLOOKUP(B42,'1'!$C$3:$S$100,8,FALSE),0) -> 0 | D42: =IFERROR(VLOOKUP(C42,'1'!$C$3:$S$100,8,FALSE),0) -> 0 | E42: =IFERROR(VLOOKUP(D42,'1'!$C$3:$S$100,8,FALSE),0) -> 0 | F42: =IFERROR(VLOOKUP(E42,'1'!$C$3:$S$100,8,FALSE),0) -> 0 | G42: =IFERROR(VLOOKUP(F42,'1'!$C$3:$S$100,8,FALSE),0) -> 0 | H42: =IFERROR(VLOOKUP(G42,'1'!$C$3:$S$100,8,FALSE),0) -> 0 | I42: =IFERROR(VLOOKUP(H42,'1'!$C$3:$S$100,8,FALSE),0) -> 0 | J42: =IFERROR(VLOOKUP(I42,'1'!$C$3:$S$100,8,FALSE),0) -> 0 | ... AM42: =IFERROR(VLOOKUP(AL42,'1'!$C$3:$S$100,8,FALSE),0) -> 0 | AN42: =AL42/SUM($AL$4:$AL$68) -> 0 | AO42: =Z42/R42-1 -> #DIV/0! | AP42: =AL42/AD42-1 -> #DIV/0! | AT42: =IFERROR(AJ42/$AJ$69,"") -> 0
A43: Scheduled Commercial Banks | B43: CENTRAL BANK OF INDIA | C43: =IFERROR(VLOOKUP(B43,'1'!$C$3:$S$100,8,FALSE),"") -> 0 | D43: =IFERROR(VLOOKUP(B43,'2'!$C$3:$S$100,8,FALSE),"") -> 0 | E43: =IFERROR(VLOOKUP($B43,INDIRECT("'" & E$2 & "'!$C$3:$R$100"),8,FALSE),"") -> 0 | F43: =IFERROR(VLOOKUP($B43,INDIRECT("'" & F$2 & "'!$C$3:$R$100"),8,FALSE),"") -> 0 | G43: =IFERROR(VLOOKUP($B43,INDIRECT("'" & G$2 & "'!$C$3:$R$100"),8,FALSE),"") -> 0 | H43: =IFERROR(VLOOKUP($B43,INDIRECT("'" & H$2 & "'!$C$3:$R$100"),8,FALSE),"") -> 0 | I43: =IFERROR(VLOOKUP($B43,INDIRECT("'" & I$2 & "'!$C$3:$R$100"),8,FALSE),"") -> 0 | J43: =IFERROR(VLOOKUP($B43,INDIRECT("'" & J$2 & "'!$C$3:$R$100"),8,FALSE),"") -> 0 | K43: =IFERROR(VLOOKUP($B43,INDIRECT("'" & K$2 & "'!$C$3:$R$100"),8,FALSE),"") -> 0 | L43: =IFERROR(VLOOKUP($B43,INDIRECT("'" & L$2 & "'!$C$3:$R$100"),8,FALSE),"") -> 0 | ... AM43: =IFERROR(VLOOKUP($B43,INDIRECT("'" & AM$2 & "'!$C$3:$R$100"),8,FALSE),"") -> 0 | AN43: =AL43/SUM($AL$4:$AL$68) -> 0 | AO43: =Z43/R43-1 -> #DIV/0! | AP43: =AL43/AD43-1 -> #DIV/0! | AT43: =IFERROR(AJ43/$AJ$69,"") -> 0
A44: Scheduled Commercial Banks | B44: PUNJAB AND SIND BANK | C44: =IFERROR(VLOOKUP(B44,'1'!$C$3:$S$100,8,FALSE),"") -> 0 | D44: =IFERROR(VLOOKUP(B44,'2'!$C$3:$S$100,8,FALSE),"") -> 0 | E44: =IFERROR(VLOOKUP($B44,INDIRECT("'" & E$2 & "'!$C$3:$R$100"),8,FALSE),"") -> 0 | F44: =IFERROR(VLOOKUP($B44,INDIRECT("'" & F$2 & "'!$C$3:$R$100"),8,FALSE),"") -> 0 | G44: =IFERROR(VLOOKUP($B44,INDIRECT("'" & G$2 & "'!$C$3:$R$100"),8,FALSE),"") -> 0 | H44: =IFERROR(VLOOKUP($B44,INDIRECT("'" & H$2 & "'!$C$3:$R$100"),8,FALSE),"") -> 0 | I44: =IFERROR(VLOOKUP($B44,INDIRECT("'" & I$2 & "'!$C$3:$R$100"),8,FALSE),"") -> 0 | J44: =IFERROR(VLOOKUP($B44,INDIRECT("'" & J$2 & "'!$C$3:$R$100"),8,FALSE),"") -> 0 | K44: =IFERROR(VLOOKUP($B44,INDIRECT("'" & K$2 & "'!$C$3:$R$100"),8,FALSE),"") -> 0 | L44: =IFERROR(VLOOKUP($B44,INDIRECT("'" & L$2 & "'!$C$3:$R$100"),8,FALSE),"") -> 0 | ... AM44: =IFERROR(VLOOKUP($B44,INDIRECT("'" & AM$2 & "'!$C$3:$R$100"),8,FALSE),"") -> 0 | AN44: =AL44/SUM($AL$4:$AL$68) -> 0 | AO44: =Z44/R44-1 -> #DIV/0! | AP44: =AL44/AD44-1 -> #DIV/0! | AT44: =IFERROR(AJ44/$AJ$69,"") -> 0
A45: Scheduled Commercial Banks | B45: UCO BANK | C45: =IFERROR(VLOOKUP(B45,'1'!$C$3:$S$100,8,FALSE),"") -> 0 | D45: =IFERROR(VLOOKUP(B45,'2'!$C$3:$S$100,8,FALSE),"") -> 0 | E45: =IFERROR(VLOOKUP($B45,INDIRECT("'" & E$2 & "'!$C$3:$R$100"),8,FALSE),"") -> 0 | F45: =IFERROR(VLOOKUP($B45,INDIRECT("'" & F$2 & "'!$C$3:$R$100"),8,FALSE),"") -> 0 | G45: =IFERROR(VLOOKUP($B45,INDIRECT("'" & G$2 & "'!$C$3:$R$100"),8,FALSE),"") -> 0 | H45: =IFERROR(VLOOKUP($B45,INDIRECT("'" & H$2 & "'!$C$3:$R$100"),8,FALSE),"") -> 0 | I45: =IFERROR(VLOOKUP($B45,INDIRECT("'" & I$2 & "'!$C$3:$R$100"),8,FALSE),"") -> 0 | J45: =IFERROR(VLOOKUP($B45,INDIRECT("'" & J$2 & "'!$C$3:$R$100"),8,FALSE),"") -> 0 | K45: =IFERROR(VLOOKUP($B45,INDIRECT("'" & K$2 & "'!$C$3:$R$100"),8,FALSE),"") -> 0 | L45: =IFERROR(VLOOKUP($B45,INDIRECT("'" & L$2 & "'!$C$3:$R$100"),8,FALSE),"") -> 0 | ... AM45: =IFERROR(VLOOKUP($B45,INDIRECT("'" & AM$2 & "'!$C$3:$R$100"),8,FALSE),"") -> 0 | AN45: =AL45/SUM($AL$4:$AL$68) -> 0 | AO45: =Z45/R45-1 -> #DIV/0! | AP45: =AL45/AD45-1 -> #DIV/0! | AT45: =IFERROR(AJ45/$AJ$69,"") -> 0
A46: Private Sector Banks | B46: BANDHAN BANK LTD | C46: =IFERROR(VLOOKUP(B46,'1'!$C$3:$S$100,8,FALSE),"") -> 0 | D46: =IFERROR(VLOOKUP(B46,'2'!$C$3:$S$100,8,FALSE),"") -> 0 | E46: =IFERROR(VLOOKUP($B46,INDIRECT("'" & E$2 & "'!$C$3:$R$100"),8,FALSE),"") -> 0 | F46: =IFERROR(VLOOKUP($B46,INDIRECT("'" & F$2 & "'!$C$3:$R$100"),8,FALSE),"") -> 0 | G46: =IFERROR(VLOOKUP($B46,INDIRECT("'" & G$2 & "'!$C$3:$R$100"),8,FALSE),"") -> 0 | H46: =IFERROR(VLOOKUP($B46,INDIRECT("'" & H$2 & "'!$C$3:$R$100"),8,FALSE),"") -> 0 | I46: =IFERROR(VLOOKUP($B46,INDIRECT("'" & I$2 & "'!$C$3:$R$100"),8,FALSE),"") -> 0 | J46: =IFERROR(VLOOKUP($B46,INDIRECT("'" & J$2 & "'!$C$3:$R$100"),8,FALSE),"") -> 0 | K46: =IFERROR(VLOOKUP($B46,INDIRECT("'" & K$2 & "'!$C$3:$R$100"),8,FALSE),"") -> 0 | L46: =IFERROR(VLOOKUP($B46,INDIRECT("'" & L$2 & "'!$C$3:$R$100"),8,FALSE),"") -> 0 | ... AM46: =IFERROR(VLOOKUP($B46,INDIRECT("'" & AM$2 & "'!$C$3:$R$100"),8,FALSE),"") -> 0 | AN46: =AL46/SUM($AL$4:$AL$68) -> 0 | AO46: =Z46/R46-1 -> #DIV/0! | AP46: =AL46/AD46-1 -> -1 | AT46: =IFERROR(AJ46/$AJ$69,"") -> 0
A47: Private Sector Banks | B47: KARNATAKA BANK LTD | C47: =IFERROR(VLOOKUP(B47,'1'!$C$3:$S$100,8,FALSE),"") -> 0 | D47: =IFERROR(VLOOKUP(B47,'2'!$C$3:$S$100,8,FALSE),"") -> 0 | E47: =IFERROR(VLOOKUP($B47,INDIRECT("'" & E$2 & "'!$C$3:$R$100"),8,FALSE),"") -> 0 | F47: =IFERROR(VLOOKUP($B47,INDIRECT("'" & F$2 & "'!$C$3:$R$100"),8,FALSE),"") -> 0 | G47: =IFERROR(VLOOKUP($B47,INDIRECT("'" & G$2 & "'!$C$3:$R$100"),8,FALSE),"") -> 0 | H47: =IFERROR(VLOOKUP($B47,INDIRECT("'" & H$2 & "'!$C$3:$R$100"),8,FALSE),"") -> 0 | I47: =IFERROR(VLOOKUP($B47,INDIRECT("'" & I$2 & "'!$C$3:$R$100"),8,FALSE),"") -> 0 | J47: =IFERROR(VLOOKUP($B47,INDIRECT("'" & J$2 & "'!$C$3:$R$100"),8,FALSE),"") -> 0 | K47: =IFERROR(VLOOKUP($B47,INDIRECT("'" & K$2 & "'!$C$3:$R$100"),8,FALSE),"") -> 0 | L47: =IFERROR(VLOOKUP($B47,INDIRECT("'" & L$2 & "'!$C$3:$R$100"),8,FALSE),"") -> 0 | ... AM47: =IFERROR(VLOOKUP($B47,INDIRECT("'" & AM$2 & "'!$C$3:$R$100"),8,FALSE),"") -> 0 | AN47: =AL47/SUM($AL$4:$AL$68) -> 0 | AO47: =Z47/R47-1 -> #DIV/0! | AP47: =AL47/AD47-1 -> #DIV/0! | AT47: =IFERROR(AJ47/$AJ$69,"") -> 0
A48: Private Sector Banks | B48: NAINITAL BANK LTD | C48: =IFERROR(VLOOKUP(B48,'1'!$C$3:$S$100,8,FALSE),"") | D48: =IFERROR(VLOOKUP(B48,'2'!$C$3:$S$100,8,FALSE),"") | E48: =IFERROR(VLOOKUP($B48,INDIRECT("'" & E$2 & "'!$C$3:$R$100"),8,FALSE),"") | F48: =IFERROR(VLOOKUP($B48,INDIRECT("'" & F$2 & "'!$C$3:$R$100"),8,FALSE),"") | G48: =IFERROR(VLOOKUP($B48,INDIRECT("'" & G$2 & "'!$C$3:$R$100"),8,FALSE),"") | H48: =IFERROR(VLOOKUP($B48,INDIRECT("'" & H$2 & "'!$C$3:$R$100"),8,FALSE),"") | I48: =IFERROR(VLOOKUP($B48,INDIRECT("'" & I$2 & "'!$C$3:$R$100"),8,FALSE),"") | J48: =IFERROR(VLOOKUP($B48,INDIRECT("'" & J$2 & "'!$C$3:$R$100"),8,FALSE),"") | K48: =IFERROR(VLOOKUP($B48,INDIRECT("'" & K$2 & "'!$C$3:$R$100"),8,FALSE),"") | L48: =IFERROR(VLOOKUP($B48,INDIRECT("'" & L$2 & "'!$C$3:$R$100"),8,FALSE),"") -> 0 | ... AM48: =IFERROR(VLOOKUP($B48,INDIRECT("'" & AM$2 & "'!$C$3:$R$100"),8,FALSE),"") -> 0 | AN48: =AL48/SUM($AL$4:$AL$68) -> 0 | AO48: =Z48/R48-1 -> #DIV/0! | AP48: =AL48/AD48-1 -> #DIV/0! | AT48: =IFERROR(AJ48/$AJ$69,"") -> 0
A49: Foreign Banks | B49: BANK OF AMERICA | C49: =IFERROR(VLOOKUP(B49,'1'!$C$3:$S$100,8,FALSE),"") -> 22137 | D49: =IFERROR(VLOOKUP(B49,'2'!$C$3:$S$100,8,FALSE),"") -> 21955 | E49: =IFERROR(VLOOKUP($B49,INDIRECT("'" & E$2 & "'!$C$3:$R$100"),8,FALSE),"") -> 21756 | F49: =IFERROR(VLOOKUP($B49,INDIRECT("'" & F$2 & "'!$C$3:$R$100"),8,FALSE),"") -> 21588 | G49: =IFERROR(VLOOKUP($B49,INDIRECT("'" & G$2 & "'!$C$3:$R$100"),8,FALSE),"") -> 21417 | H49: =IFERROR(VLOOKUP($B49,INDIRECT("'" & H$2 & "'!$C$3:$R$100"),8,FALSE),"") -> 21274 | I49: =IFERROR(VLOOKUP($B49,INDIRECT("'" & I$2 & "'!$C$3:$R$100"),8,FALSE),"") -> 21092 | J49: =IFERROR(VLOOKUP($B49,INDIRECT("'" & J$2 & "'!$C$3:$R$100"),8,FALSE),"") -> 19589 | K49: =IFERROR(VLOOKUP($B49,INDIRECT("'" & K$2 & "'!$C$3:$R$100"),8,FALSE),"") -> 17930 | L49: =IFERROR(VLOOKUP($B49,INDIRECT("'" & L$2 & "'!$C$3:$R$100"),8,FALSE),"") -> 7241 | ... AM49: =IFERROR(VLOOKUP($B49,INDIRECT("'" & AM$2 & "'!$C$3:$R$100"),8,FALSE),"") -> 0 | AN49: =AL49/SUM($AL$4:$AL$68) -> 0 | AO49: =Z49/R49-1 -> #DIV/0! | AP49: =AL49/AD49-1 -> #DIV/0! | AT49: =IFERROR(AJ49/$AJ$69,"") -> 0
A50: Foreign Banks | B50: BANK OF BAHRAIN & KUWAIT B.S.C. | C50: =IFERROR(VLOOKUP(B50,'1'!$C$3:$S$100,8,FALSE),"") | D50: =IFERROR(VLOOKUP(B50,'2'!$C$3:$S$100,8,FALSE),"") | E50: =IFERROR(VLOOKUP($B50,INDIRECT("'" & E$2 & "'!$C$3:$R$100"),8,FALSE),"") | F50: =IFERROR(VLOOKUP($B50,INDIRECT("'" & F$2 & "'!$C$3:$R$100"),8,FALSE),"") | G50: =IFERROR(VLOOKUP($B50,INDIRECT("'" & G$2 & "'!$C$3:$R$100"),8,FALSE),"") | H50: =IFERROR(VLOOKUP($B50,INDIRECT("'" & H$2 & "'!$C$3:$R$100"),8,FALSE),"") | I50: =IFERROR(VLOOKUP($B50,INDIRECT("'" & I$2 & "'!$C$3:$R$100"),8,FALSE),"") | J50: =IFERROR(VLOOKUP($B50,INDIRECT("'" & J$2 & "'!$C$3:$R$100"),8,FALSE),"") | K50: =IFERROR(VLOOKUP($B50,INDIRECT("'" & K$2 & "'!$C$3:$R$100"),8,FALSE),"") | L50: =IFERROR(VLOOKUP($B50,INDIRECT("'" & L$2 & "'!$C$3:$R$100"),8,FALSE),"") | ... AM50: =IFERROR(VLOOKUP($B50,INDIRECT("'" & AM$2 & "'!$C$3:$R$100"),8,FALSE),"") -> 0 | AN50: =AL50/SUM($AL$4:$AL$68) -> 0 | AO50: =Z50/R50-1 -> #VALUE! | AP50: =AL50/AD50-1 -> #DIV/0! | AT50: =IFERROR(AJ50/$AJ$69,"") -> 0
A51: Foreign Banks | B51: BARCLAYS BANK PLC | C51: =IFERROR(VLOOKUP(B51,'1'!$C$3:$S$100,8,FALSE),"") -> 0 | D51: =IFERROR(VLOOKUP(B51,'2'!$C$3:$S$100,8,FALSE),"") -> 0 | E51: =IFERROR(VLOOKUP($B51,INDIRECT("'" & E$2 & "'!$C$3:$R$100"),8,FALSE),"") -> 0 | F51: =IFERROR(VLOOKUP($B51,INDIRECT("'" & F$2 & "'!$C$3:$R$100"),8,FALSE),"") -> 0 | G51: =IFERROR(VLOOKUP($B51,INDIRECT("'" & G$2 & "'!$C$3:$R$100"),8,FALSE),"") -> 0 | H51: =IFERROR(VLOOKUP($B51,INDIRECT("'" & H$2 & "'!$C$3:$R$100"),8,FALSE),"") -> 0 | I51: =IFERROR(VLOOKUP($B51,INDIRECT("'" & I$2 & "'!$C$3:$R$100"),8,FALSE),"") -> 0 | J51: =IFERROR(VLOOKUP($B51,INDIRECT("'" & J$2 & "'!$C$3:$R$100"),8,FALSE),"") -> 0 | K51: =IFERROR(VLOOKUP($B51,INDIRECT("'" & K$2 & "'!$C$3:$R$100"),8,FALSE),"") -> 0 | L51: =IFERROR(VLOOKUP($B51,INDIRECT("'" & L$2 & "'!$C$3:$R$100"),8,FALSE),"") -> 0 | ... AM51: =IFERROR(VLOOKUP($B51,INDIRECT("'" & AM$2 & "'!$C$3:$R$100"),8,FALSE),"") -> 0 | AN51: =AL51/SUM($AL$4:$AL$68) -> 0 | AO51: =Z51/R51-1 -> #DIV/0! | AP51: =AL51/AD51-1 -> #DIV/0! | AT51: =IFERROR(AJ51/$AJ$69,"") -> 0
A52: Foreign Banks | B52: DEUTSCHE BANK LTD | C52: =IFERROR(VLOOKUP(B52,'1'!$C$3:$S$100,8,FALSE),"") -> 0 | D52: =IFERROR(VLOOKUP(B52,'2'!$C$3:$S$100,8,FALSE),"") -> 0 | E52: =IFERROR(VLOOKUP($B52,INDIRECT("'" & E$2 & "'!$C$3:$R$100"),8,FALSE),"") -> 0 | F52: =IFERROR(VLOOKUP($B52,INDIRECT("'" & F$2 & "'!$C$3:$R$100"),8,FALSE),"") -> 0 | G52: =IFERROR(VLOOKUP($B52,INDIRECT("'" & G$2 & "'!$C$3:$R$100"),8,FALSE),"") -> 0 | H52: =IFERROR(VLOOKUP($B52,INDIRECT("'" & H$2 & "'!$C$3:$R$100"),8,FALSE),"") -> 0 | I52: =IFERROR(VLOOKUP($B52,INDIRECT("'" & I$2 & "'!$C$3:$R$100"),8,FALSE),"") -> 0 | J52: =IFERROR(VLOOKUP($B52,INDIRECT("'" & J$2 & "'!$C$3:$R$100"),8,FALSE),"") -> 0 | K52: =IFERROR(VLOOKUP($B52,INDIRECT("'" & K$2 & "'!$C$3:$R$100"),8,FALSE),"") -> 0 | L52: =IFERROR(VLOOKUP($B52,INDIRECT("'" & L$2 & "'!$C$3:$R$100"),8,FALSE),"") -> 0 | ... AM52: =IFERROR(VLOOKUP($B52,INDIRECT("'" & AM$2 & "'!$C$3:$R$100"),8,FALSE),"") -> 0 | AN52: =AL52/SUM($AL$4:$AL$68) -> 0 | AO52: =Z52/R52-1 -> #DIV/0! | AP52: =AL52/AD52-1 -> #DIV/0! | AT52: =IFERROR(AJ52/$AJ$69,"") -> 0
A53: Foreign Banks | B53: DOHA BANK Q.P.S.C. | C53: =IFERROR(VLOOKUP(B53,'1'!$C$3:$S$100,8,FALSE),"") | D53: =IFERROR(VLOOKUP(B53,'2'!$C$3:$S$100,8,FALSE),"") | E53: =IFERROR(VLOOKUP($B53,INDIRECT("'" & E$2 & "'!$C$3:$R$100"),8,FALSE),"") | F53: =IFERROR(VLOOKUP($B53,INDIRECT("'" & F$2 & "'!$C$3:$R$100"),8,FALSE),"") | G53: =IFERROR(VLOOKUP($B53,INDIRECT("'" & G$2 & "'!$C$3:$R$100"),8,FALSE),"") | H53: =IFERROR(VLOOKUP($B53,INDIRECT("'" & H$2 & "'!$C$3:$R$100"),8,FALSE),"") | I53: =IFERROR(VLOOKUP($B53,INDIRECT("'" & I$2 & "'!$C$3:$R$100"),8,FALSE),"") | J53: =IFERROR(VLOOKUP($B53,INDIRECT("'" & J$2 & "'!$C$3:$R$100"),8,FALSE),"") | K53: =IFERROR(VLOOKUP($B53,INDIRECT("'" & K$2 & "'!$C$3:$R$100"),8,FALSE),"") | L53: =IFERROR(VLOOKUP($B53,INDIRECT("'" & L$2 & "'!$C$3:$R$100"),8,FALSE),"") | ... AM53: =IFERROR(VLOOKUP($B53,INDIRECT("'" & AM$2 & "'!$C$3:$R$100"),8,FALSE),"") -> 0 | AN53: =AL53/SUM($AL$4:$AL$68) -> 0 | AO53: =Z53/R53-1 -> #VALUE! | AP53: =AL53/AD53-1 -> #DIV/0! | AT53: =IFERROR(AJ53/$AJ$69,"") -> 0
A54: Foreign Banks | B54: KEB HANA BANK | C54: =IFERROR(VLOOKUP(B54,'1'!$C$3:$S$100,8,FALSE),"") | D54: =IFERROR(VLOOKUP(B54,'2'!$C$3:$S$100,8,FALSE),"") | E54: =IFERROR(VLOOKUP($B54,INDIRECT("'" & E$2 & "'!$C$3:$R$100"),8,FALSE),"") | F54: =IFERROR(VLOOKUP($B54,INDIRECT("'" & F$2 & "'!$C$3:$R$100"),8,FALSE),"") | G54: =IFERROR(VLOOKUP($B54,INDIRECT("'" & G$2 & "'!$C$3:$R$100"),8,FALSE),"") | H54: =IFERROR(VLOOKUP($B54,INDIRECT("'" & H$2 & "'!$C$3:$R$100"),8,FALSE),"") | I54: =IFERROR(VLOOKUP($B54,INDIRECT("'" & I$2 & "'!$C$3:$R$100"),8,FALSE),"") | J54: =IFERROR(VLOOKUP($B54,INDIRECT("'" & J$2 & "'!$C$3:$R$100"),8,FALSE),"") | K54: =IFERROR(VLOOKUP($B54,INDIRECT("'" & K$2 & "'!$C$3:$R$100"),8,FALSE),"") | L54: =IFERROR(VLOOKUP($B54,INDIRECT("'" & L$2 & "'!$C$3:$R$100"),8,FALSE),"") | ... AM54: =IFERROR(VLOOKUP($B54,INDIRECT("'" & AM$2 & "'!$C$3:$R$100"),8,FALSE),"") -> 0 | AN54: =AL54/SUM($AL$4:$AL$68) -> 0 | AO54: =Z54/R54-1 -> #VALUE! | AP54: =AL54/AD54-1 -> #DIV/0! | AT54: =IFERROR(AJ54/$AJ$69,"") -> 0
... A68: Small Finance Banks | B68: UNITY SMALL FINANCE BANK LTD | C68: =IFERROR(VLOOKUP(B68,'1'!$C$3:$S$100,8,FALSE),"") -> 0 | D68: =IFERROR(VLOOKUP(B68,'2'!$C$3:$S$100,8,FALSE),"") -> 0 | E68: =IFERROR(VLOOKUP($B68,INDIRECT("'" & E$2 & "'!$C$3:$R$100"),8,FALSE),"") -> 0 | F68: =IFERROR(VLOOKUP($B68,INDIRECT("'" & F$2 & "'!$C$3:$R$100"),8,FALSE),"") -> 0 | G68: =IFERROR(VLOOKUP($B68,INDIRECT("'" & G$2 & "'!$C$3:$R$100"),8,FALSE),"") -> 0 | H68: =IFERROR(VLOOKUP($B68,INDIRECT("'" & H$2 & "'!$C$3:$R$100"),8,FALSE),"") -> 0 | I68: =IFERROR(VLOOKUP($B68,INDIRECT("'" & I$2 & "'!$C$3:$R$100"),8,FALSE),"") -> 0 | J68: =IFERROR(VLOOKUP($B68,INDIRECT("'" & J$2 & "'!$C$3:$R$100"),8,FALSE),"") -> 0 | K68: =IFERROR(VLOOKUP($B68,INDIRECT("'" & K$2 & "'!$C$3:$R$100"),8,FALSE),"") -> 0 | L68: =IFERROR(VLOOKUP($B68,INDIRECT("'" & L$2 & "'!$C$3:$R$100"),8,FALSE),"") -> 0 | ... AM68: =IFERROR(VLOOKUP($B68,INDIRECT("'" & AM$2 & "'!$C$3:$R$100"),8,FALSE),"") -> 0 | AN68: =AL68/SUM($AL$4:$AL$68) -> 0 | AO68: =Z68/R68-1 -> #DIV/0! | AP68: =AL68/AD68-1 -> #DIV/0! | AT68: =IFERROR(AJ68/$AJ$69,"") -> 0
B69: Total | C69: =SUM(C4:C68) -> 70252069 | D69: =SUM(D4:D68) -> 71707614 | E69: =SUM(E4:E68) -> 73627330 | F69: =SUM(F4:F68) -> 75166069 | G69: =SUM(G4:G68) -> 76876980 | H69: =SUM(H4:H68) -> 78722617 | I69: =SUM(I4:I68) -> 80255722 | J69: =SUM(J4:J68) -> 77991469 | ... AM69: =SUM(AM4:AM68) -> 108873184 | AN69: =AL69/SUM($AL$4:$AL$68) -> 1
AM70: =AM69+'Summary DC Vol'!AM69 -> 1090912461
C73: 21 | D73: =C73+3 -> 24 | E73: =D73+3 -> 27 | F73: =E73+3 -> 30 | G73: =F73+3 -> 33 | H73: =G73+3 -> 36
A74: S. No | B74: Credit Card Outstanding (Crores) | C74: 45170 | D74: 45261 | E74: 45352 | F74: 45444 | G74: 45536 | H74: 45627 | I74: % Total as of Dec 24 | J74: 12M Growth %
A75: 1 | B75: HDFC BANK LTD | C75: =VLOOKUP($B75,$B$2:$AL$69,C$73,FALSE)/10^7 -> 1.8533409 | D75: =VLOOKUP($B75,$B$2:$AL$69,D$73,FALSE)/10^7 -> 1.951214 | E75: =VLOOKUP($B75,$B$2:$AL$69,E$73,FALSE)/10^7 -> 2.0404625 | F75: =VLOOKUP($B75,$B$2:$AL$69,F$73,FALSE)/10^7 -> 2.1111287 | G75: =VLOOKUP($B75,$B$2:$AL$69,G$73,FALSE)/10^7 -> 2.1973579 | H75: =VLOOKUP($B75,$B$2:$AL$69,H$73,FALSE)/10^7 -> 2.2833425 | I75: =H75/$H$97 -> 0.2129195 | J75: =H75/D75-1 -> 0.17021634 | K75: =H75/E75-1 -> 0.11903184
A76: 2 | B76: STATE BANK OF INDIA | C76: =VLOOKUP($B76,$B$2:$AL$69,C$73,FALSE)/10^7 -> 1.7779055 | D76: =VLOOKUP($B76,$B$2:$AL$69,D$73,FALSE)/10^7 -> 1.8251184 | E76: =VLOOKUP($B76,$B$2:$AL$69,E$73,FALSE)/10^7 -> 1.8751636 | F76: =VLOOKUP($B76,$B$2:$AL$69,F$73,FALSE)/10^7 -> 1.9117365 | G76: =VLOOKUP($B76,$B$2:$AL$69,G$73,FALSE)/10^7 -> 1.9447459 | H76: =VLOOKUP($B76,$B$2:$AL$69,H$73,FALSE)/10^7 -> 2.0038207 | I76: =H76/$H$97 -> 0.18685436 | J76: =H76/D76-1 -> 0.097912716 | K76: =H76/E76-1 -> 0.068611133
A77: 3 | B77: ICICI BANK LTD | C77: =VLOOKUP($B77,$B$2:$AL$69,C$73,FALSE)/10^7 -> 1.5298217 | D77: =VLOOKUP($B77,$B$2:$AL$69,D$73,FALSE)/10^7 -> 1.6206426 | E77: =VLOOKUP($B77,$B$2:$AL$69,E$73,FALSE)/10^7 -> 1.6846344 | F77: =VLOOKUP($B77,$B$2:$AL$69,F$73,FALSE)/10^7 -> 1.7084977 | G77: =VLOOKUP($B77,$B$2:$AL$69,G$73,FALSE)/10^7 -> 1.7558265 | H77: =VLOOKUP($B77,$B$2:$AL$69,H$73,FALSE)/10^7 -> 1.7751518 | I77: =H77/$H$97 -> 0.1655312 | J77: =H77/D77-1 -> 0.095338232 | K77: =H77/E77-1 -> 0.053731183
A78: 4 | B78: AXIS BANK LTD | C78: =VLOOKUP($B78,$B$2:$AL$69,C$73,FALSE)/10^7 -> 1.2959431 | D78: =VLOOKUP($B78,$B$2:$AL$69,D$73,FALSE)/10^7 -> 1.343747 | E78: =VLOOKUP($B78,$B$2:$AL$69,E$73,FALSE)/10^7 -> 1.3909552 | F78: =VLOOKUP($B78,$B$2:$AL$69,F$73,FALSE)/10^7 -> 1.4340543 | G78: =VLOOKUP($B78,$B$2:$AL$69,G$73,FALSE)/10^7 -> 1.4739214 | H78: =VLOOKUP($B78,$B$2:$AL$69,H$73,FALSE)/10^7 -> 1.4731919 | I78: =H78/$H$97 -> 0.13737373 | J78: =H78/D78-1 -> 0.096331303 | K78: =H78/E78-1 -> 0.059122465
A79: 5 | B79: RBL BANK LTD | C79: =VLOOKUP($B79,$B$2:$AL$69,C$73,FALSE)/10^7 -> 0.4715011 | D79: =VLOOKUP($B79,$B$2:$AL$69,D$73,FALSE)/10^7 -> 0.4944182 | E79: =VLOOKUP($B79,$B$2:$AL$69,E$73,FALSE)/10^7 -> 0.5161788 | F79: =VLOOKUP($B79,$B$2:$AL$69,F$73,FALSE)/10^7 -> 0.5232433 | G79: =VLOOKUP($B79,$B$2:$AL$69,G$73,FALSE)/10^7 -> 0.5264023 | H79: =VLOOKUP($B79,$B$2:$AL$69,H$73,FALSE)/10^7 -> 0.5108342 | I79: =H79/$H$97 -> 0.047634799 | J79: =H79/D79-1 -> 0.033202661 | K79: =H79/E79-1 -> -0.010354164
A80: 6 | B80: KOTAK MAHINDRA BANK LTD | C80: =VLOOKUP($B80,$B$2:$AL$69,C$73,FALSE)/10^7 -> 0.5399623 | D80: =VLOOKUP($B80,$B$2:$AL$69,D$73,FALSE)/10^7 -> 0.5666441 | E80: =VLOOKUP($B80,$B$2:$AL$69,E$73,FALSE)/10^7 -> 0.6042418 | F80: =VLOOKUP($B80,$B$2:$AL$69,F$73,FALSE)/10^7 -> 0.5935815 | G80: =VLOOKUP($B80,$B$2:$AL$69,G$73,FALSE)/10^7 -> 0.5413306 | H80: =VLOOKUP($B80,$B$2:$AL$69,H$73,FALSE)/10^7 -> 0.5094515 | I80: =H80/$H$97 -> 0.047505863 | J80: =H80/D80-1 -> -0.10093214 | K80: =H80/E80-1 -> -0.15687478
A81: 7 | B81: IDFC FIRST BANK LTD | C81: =VLOOKUP($B81,$B$2:$AL$69,C$73,FALSE)/10^7 -> 0.181903 | D81: =VLOOKUP($B81,$B$2:$AL$69,D$73,FALSE)/10^7 -> 0.2116838 | E81: =VLOOKUP($B81,$B$2:$AL$69,E$73,FALSE)/10^7 -> 0.2436772 | F81: =VLOOKUP($B81,$B$2:$AL$69,F$73,FALSE)/10^7 -> 0.2743113 | G81: =VLOOKUP($B81,$B$2:$AL$69,G$73,FALSE)/10^7 -> 0.297443 | H81: =VLOOKUP($B81,$B$2:$AL$69,H$73,FALSE)/10^7 -> 0.321185 | I81: =H81/$H$97 -> 0.029950193 | J81: =H81/D81-1 -> 0.51728663 | K81: =H81/E81-1 -> 0.31807572
A82: 8 | B82: INDUSIND BANK LTD | C82: =VLOOKUP($B82,$B$2:$AL$69,C$73,FALSE)/10^7 -> 0.2484765 | D82: =VLOOKUP($B82,$B$2:$AL$69,D$73,FALSE)/10^7 -> 0.2659808 | E82: =VLOOKUP($B82,$B$2:$AL$69,E$73,FALSE)/10^7 -> 0.2847599 | F82: =VLOOKUP($B82,$B$2:$AL$69,F$73,FALSE)/10^7 -> 0.2966866 | G82: =VLOOKUP($B82,$B$2:$AL$69,G$73,FALSE)/10^7 -> 0.3009647 | H82: =VLOOKUP($B82,$B$2:$AL$69,H$73,FALSE)/10^7 -> 0.3081902 | I82: =H82/$H$97 -> 0.02873844 | J82: =H82/D82-1 -> 0.15869341 | K82: =H82/E82-1 -> 0.082280897
A83: 9 | B83: BANK OF BARODA | C83: =VLOOKUP($B83,$B$2:$AL$69,C$73,FALSE)/10^7 -> 0.208561 | D83: =VLOOKUP($B83,$B$2:$AL$69,D$73,FALSE)/10^7 -> 0.2183629 | E83: =VLOOKUP($B83,$B$2:$AL$69,E$73,FALSE)/10^7 -> 0.2383405 | F83: =VLOOKUP($B83,$B$2:$AL$69,F$73,FALSE)/10^7 -> 0.2575688 | G83: =VLOOKUP($B83,$B$2:$AL$69,G$73,FALSE)/10^7 -> 0.2788335 | H83: =VLOOKUP($B83,$B$2:$AL$69,H$73,FALSE)/10^7 -> 0.2895055 | I83: =H83/$H$97 -> 0.02699611 | J83: =H83/D83-1 -> 0.32579985 | K83: =H83/E83-1 -> 0.21467187
A84: 10 | B84: YES BANK LTD | C84: =VLOOKUP($B84,$B$2:$AL$69,C$73,FALSE)/10^7 -> 0.1604645 | D84: =VLOOKUP($B84,$B$2:$AL$69,D$73,FALSE)/10^7 -> 0.1751652 | E84: =VLOOKUP($B84,$B$2:$AL$69,E$73,FALSE)/10^7 -> 0.1982392 | F84: =VLOOKUP($B84,$B$2:$AL$69,F$73,FALSE)/10^7 -> 0.2152111 | G84: =VLOOKUP($B84,$B$2:$AL$69,G$73,FALSE)/10^7 -> 0.2254586 | H84: =VLOOKUP($B84,$B$2:$AL$69,H$73,FALSE)/10^7 -> 0.2372897 | I84: =H84/$H$97 -> 0.022127037 | J84: =H84/D84-1 -> 0.35466234 | K84: =H84/E84-1 -> 0.19698677
A85: 11 | B85: AMERICAN EXPRESS BANKING CORPORATION | C85: =VLOOKUP($B85,$B$2:$AL$69,C$73,FALSE)/10^7 -> 0.1359275 | D85: =VLOOKUP($B85,$B$2:$AL$69,D$73,FALSE)/10^7 -> 0.135602 | E85: =VLOOKUP($B85,$B$2:$AL$69,E$73,FALSE)/10^7 -> 0.1346343 | F85: =VLOOKUP($B85,$B$2:$AL$69,F$73,FALSE)/10^7 -> 0.1360555 | G85: =VLOOKUP($B85,$B$2:$AL$69,G$73,FALSE)/10^7 -> 0.1404839 | H85: =VLOOKUP($B85,$B$2:$AL$69,H$73,FALSE)/10^7 -> 0.1426449 | I85: =H85/$H$97 -> 0.0133015 | J85: =H85/D85-1 -> 0.051938025 | K85: =H85/E85-1 -> 0.059498954 | N85: 0.085
A86: 12 | B86: FEDERAL BANK LTD | C86: =VLOOKUP($B86,$B$2:$AL$69,C$73,FALSE)/10^7 -> 0.0706027 | D86: =VLOOKUP($B86,$B$2:$AL$69,D$73,FALSE)/10^7 -> 0.0791267 | E86: =VLOOKUP($B86,$B$2:$AL$69,E$73,FALSE)/10^7 -> 0.0949912 | F86: =VLOOKUP($B86,$B$2:$AL$69,F$73,FALSE)/10^7 -> 0.0985499 | G86: =VLOOKUP($B86,$B$2:$AL$69,G$73,FALSE)/10^7 -> 0.1031201 | H86: =VLOOKUP($B86,$B$2:$AL$69,H$73,FALSE)/10^7 -> 0.1075106 | I86: =H86/$H$97 -> 0.01002526 | J86: =H86/D86-1 -> 0.35871457 | K86: =H86/E86-1 -> 0.13179537 | N86: 9
A87: 13 | B87: AU SMALL FINANCE BANK LTD | C87: =VLOOKUP($B87,$B$2:$AL$69,C$73,FALSE)/10^7 -> 0.0675447 | D87: =VLOOKUP($B87,$B$2:$AL$69,D$73,FALSE)/10^7 -> 0.0781173 | E87: =VLOOKUP($B87,$B$2:$AL$69,E$73,FALSE)/10^7 -> 0.0915908 | F87: =VLOOKUP($B87,$B$2:$AL$69,F$73,FALSE)/10^7 -> 0.0991635 | G87: =VLOOKUP($B87,$B$2:$AL$69,G$73,FALSE)/10^7 -> 0.1025179 | H87: =VLOOKUP($B87,$B$2:$AL$69,H$73,FALSE)/10^7 -> 0.1032988 | I87: =H87/$H$97 -> 0.0096325139 | J87: =H87/D87-1 -> 0.32235497 | K87: =H87/E87-1 -> 0.12782943 | N87: =N86/N85 -> 105.88235
A88: 14 | B88: CANARA BANK | C88: =VLOOKUP($B88,$B$2:$AL$69,C$73,FALSE)/10^7 -> 0.0722114 | D88: =VLOOKUP($B88,$B$2:$AL$69,D$73,FALSE)/10^7 -> 0.0829561 | E88: =VLOOKUP($B88,$B$2:$AL$69,E$73,FALSE)/10^7 -> 0.0855216 | F88: =VLOOKUP($B88,$B$2:$AL$69,F$73,FALSE)/10^7 -> 0.0887767 | G88: =VLOOKUP($B88,$B$2:$AL$69,G$73,FALSE)/10^7 -> 0.0922625 | H88: =VLOOKUP($B88,$B$2:$AL$69,H$73,FALSE)/10^7 -> 0.0992112 | I88: =H88/$H$97 -> 0.0092513492 | J88: =H88/D88-1 -> 0.19594822 | K88: =H88/E88-1 -> 0.16007184
A89: 15 | B89: STANDARD CHARTERED BANK LTD | C89: =VLOOKUP($B89,$B$2:$AL$69,C$73,FALSE)/10^7 -> 0.1032911 | D89: =VLOOKUP($B89,$B$2:$AL$69,D$73,FALSE)/10^7 -> 0.1027563 | E89: =VLOOKUP($B89,$B$2:$AL$69,E$73,FALSE)/10^7 -> 0.1016068 | F89: =VLOOKUP($B89,$B$2:$AL$69,F$73,FALSE)/10^7 -> 0.1028511 | G89: =VLOOKUP($B89,$B$2:$AL$69,G$73,FALSE)/10^7 -> 0.1075643 | H89: =VLOOKUP($B89,$B$2:$AL$69,H$73,FALSE)/10^7 -> 0.0962735 | I89: =H89/$H$97 -> 0.0089774114 | J89: =H89/D89-1 -> -0.063089076 | K89: =H89/E89-1 -> -0.052489597 | N89: 11
A90: 16 | B90: HSBC LTD | C90: =VLOOKUP($B90,$B$2:$AL$69,C$73,FALSE)/10^7 -> 0.0611265 | D90: =VLOOKUP($B90,$B$2:$AL$69,D$73,FALSE)/10^7 -> 0.0629851 | E90: =VLOOKUP($B90,$B$2:$AL$69,E$73,FALSE)/10^7 -> 0.0647283 | F90: =VLOOKUP($B90,$B$2:$AL$69,F$73,FALSE)/10^7 -> 0.0682467 | G90: =VLOOKUP($B90,$B$2:$AL$69,G$73,FALSE)/10^7 -> 0.0740378 | H90: =VLOOKUP($B90,$B$2:$AL$69,H$73,FALSE)/10^7 -> 0.0801372 | I90: =H90/$H$97 -> 0.007472717 | J90: =H90/D90-1 -> 0.27231996 | K90: =H90/E90-1 -> 0.23805507 | N90: 110
A91: 17 | B91: SBM BANK INDIA LTD | C91: =VLOOKUP($B91,$B$2:$AL$69,C$73,FALSE)/10^7 -> 0.0967399 | D91: =VLOOKUP($B91,$B$2:$AL$69,D$73,FALSE)/10^7 -> 0.0946146 | E91: =VLOOKUP($B91,$B$2:$AL$69,E$73,FALSE)/10^7 -> 0.0941637 | F91: =VLOOKUP($B91,$B$2:$AL$69,F$73,FALSE)/10^7 -> 0.0941456 | G91: =VLOOKUP($B91,$B$2:$AL$69,G$73,FALSE)/10^7 -> 0.0631468 | H91: =VLOOKUP($B91,$B$2:$AL$69,H$73,FALSE)/10^7 -> 0.0658637 | I91: =H91/$H$97 -> 0.0061417268 | J91: =H91/D91-1 -> -0.30387382 | K91: =H91/E91-1 -> -0.30054044 | N91: =N89/N90 -> 0.1
A92: 18 | B92: PUNJAB NATIONAL BANK | C92: =VLOOKUP($B92,$B$2:$AL$69,C$73,FALSE)/10^7 -> 0.0363946 | D92: =VLOOKUP($B92,$B$2:$AL$69,D$73,FALSE)/10^7 -> 0.0467584 | E92: =VLOOKUP($B92,$B$2:$AL$69,E$73,FALSE)/10^7 -> 0.0531098 | F92: =VLOOKUP($B92,$B$2:$AL$69,F$73,FALSE)/10^7 -> 0.0532295 | G92: =VLOOKUP($B92,$B$2:$AL$69,G$73,FALSE)/10^7 -> 0.0532414 | H92: =VLOOKUP($B92,$B$2:$AL$69,H$73,FALSE)/10^7 -> 0.0564186 | I92: =H92/$H$97 -> 0.0052609803 | J92: =H92/D92-1 -> 0.20659817 | K92: =H92/E92-1 -> 0.06230112
A93: 19 | B93: UNION BANK OF INDIA | C93: =VLOOKUP($B93,$B$2:$AL$69,C$73,FALSE)/10^7 -> 0.0699897 | D93: =VLOOKUP($B93,$B$2:$AL$69,D$73,FALSE)/10^7 -> 0.079175 | E93: =VLOOKUP($B93,$B$2:$AL$69,E$73,FALSE)/10^7 -> 0.0798551 | F93: =VLOOKUP($B93,$B$2:$AL$69,F$73,FALSE)/10^7 -> 0.0783921 | G93: =VLOOKUP($B93,$B$2:$AL$69,G$73,FALSE)/10^7 -> 0.0758275 | H93: =VLOOKUP($B93,$B$2:$AL$69,H$73,FALSE)/10^7 -> 0.0599568 | I93: =H93/$H$97 -> 0.005590914 | J93: =H93/D93-1 -> -0.24273066 | K93: =H93/E93-1 -> -0.24918008
A94: 20 | B94: DBS INDIA BANK LTD | C94: =VLOOKUP($B94,$B$2:$AL$69,C$73,FALSE)/10^7 -> 0.0381804 | D94: =VLOOKUP($B94,$B$2:$AL$69,D$73,FALSE)/10^7 -> 0.0463595 | E94: =VLOOKUP($B94,$B$2:$AL$69,E$73,FALSE)/10^7 -> 0.0518113 | F94: =VLOOKUP($B94,$B$2:$AL$69,F$73,FALSE)/10^7 -> 0.0486482 | G94: =VLOOKUP($B94,$B$2:$AL$69,G$73,FALSE)/10^7 -> 0.0525297 | H94: =VLOOKUP($B94,$B$2:$AL$69,H$73,FALSE)/10^7 -> 0.0522388 | I94: =H94/$H$97 -> 0.0048712179 | J94: =H94/D94-1 -> 0.12681975 | K94: =H94/E94-1 -> 0.0082510958
B95: Top 10 Total | C95: =SUM(C75:C84) -> 8.2678796 | D95: =SUM(D75:D84) -> 8.672977 | E95: =SUM(E75:E84) -> 9.0766531 | F95: =SUM(F75:F84) -> 9.3260198 | G95: =SUM(G75:G84) -> 9.5422844 | H95: =SUM(H75:H84) -> 9.711963 | I95: =H95/$H$97 -> 0.90563123 | J95: =H95/D95-1 -> 0.11979577 | K95: =H95/E95-1 -> 0.06999385
B96: QoQ Growth % | D96: =D95/C95-1 -> 0.048996529 | E96: =E95/D95-1 -> 0.046544122 | F96: =F95/E95-1 -> 0.02747342 | G96: =G95/F95-1 -> 0.023189378 | H96: =H95/G95-1 -> 0.017781759
B97: Total | C97: =VLOOKUP($B97,$B$2:$AL$69,C$73,FALSE)/10^7 -> 9.1278257 | D97: =VLOOKUP($B97,$B$2:$AL$69,D$73,FALSE)/10^7 -> 9.6001382 | E97: =VLOOKUP($B97,$B$2:$AL$69,E$73,FALSE)/10^7 -> 10.060017 | F97: =VLOOKUP($B97,$B$2:$AL$69,F$73,FALSE)/10^7 -> 10.330038 | G97: =VLOOKUP($B97,$B$2:$AL$69,G$73,FALSE)/10^7 -> 10.549214 | H97: =VLOOKUP($B97,$B$2:$AL$69,H$73,FALSE)/10^7 -> 10.723971 | I97: =H97/$H$97 -> 1 | J97: =H97/C97-1 -> 0.17486588
B98: QoQ Growth % | C98: =T69/W69-1 -> -0.046605497 | D98: =D97/C97-1 -> 0.051744251 | E98: =E97/D97-1 -> 0.04790331 | F98: =F97/E97-1 -> 0.026841019 | G98: =G97/F97-1 -> 0.021217367 | H98: =H97/G97-1 -> 0.016565888
B100: DCB BANK LTD | C100: =VLOOKUP($B100,$B$2:$AL$69,C$73,FALSE)/10^7 -> 0 | D100: =VLOOKUP($B100,$B$2:$AL$69,D$73,FALSE)/10^7 -> 0 | E100: =VLOOKUP($B100,$B$2:$AL$69,E$73,FALSE)/10^7 -> 0 | F100: =VLOOKUP($B100,$B$2:$AL$69,F$73,FALSE)/10^7 -> 0 | G100: =VLOOKUP($B100,$B$2:$AL$69,G$73,FALSE)/10^7 -> 1e-07 | H100: =VLOOKUP($B100,$B$2:$AL$69,H$73,FALSE)/10^7 -> 2.8e-06 | M100: # Accounts | N100: # RuPay Cards issued | O100: % Cards to Accounts | P100: YoY growth in Card issuance
B101: SBM BANK INDIA LTD | C101: =VLOOKUP($B101,$B$2:$AL$69,C$73,FALSE)/10^7 -> 0.0967399 | D101: =VLOOKUP($B101,$B$2:$AL$69,D$73,FALSE)/10^7 -> 0.0946146 | E101: =VLOOKUP($B101,$B$2:$AL$69,E$73,FALSE)/10^7 -> 0.0941637 | F101: =VLOOKUP($B101,$B$2:$AL$69,F$73,FALSE)/10^7 -> 0.0941456 | G101: =VLOOKUP($B101,$B$2:$AL$69,G$73,FALSE)/10^7 -> 0.0631468 | H101: =VLOOKUP($B101,$B$2:$AL$69,H$73,FALSE)/10^7 -> 0.0658637 | L101: 44256 | M101: 42.2 | N101: 30.9 | O101: =N101/M101 -> 0.73222749
B102: SOUTH INDIAN BANK | C102: =VLOOKUP($B102,$B$2:$AL$69,C$73,FALSE)/10^7 -> 0.0296406 | D102: =VLOOKUP($B102,$B$2:$AL$69,D$73,FALSE)/10^7 -> 0.0361531 | E102: =VLOOKUP($B102,$B$2:$AL$69,E$73,FALSE)/10^7 -> 0.0400776 | F102: =VLOOKUP($B102,$B$2:$AL$69,F$73,FALSE)/10^7 -> 0.0401742 | G102: =VLOOKUP($B102,$B$2:$AL$69,G$73,FALSE)/10^7 -> 0.0397362 | H102: =VLOOKUP($B102,$B$2:$AL$69,H$73,FALSE)/10^7 -> 0.0388917 | L102: 44621 | M102: 44.82 | N102: 31.45 | O102: =N102/M102 -> 0.70169567 | P102: =N102/N101-1 -> 0.017799353
L103: 44986 | M103: 48.65 | N103: 32.93 | O103: =N103/M103 -> 0.67687564 | P103: =N103/N102-1 -> 0.047058824
L104: 45352 | M104: 51.94 | N104: 35.34 | O104: =N104/M104 -> 0.68040046 | P104: =N104/N103-1 -> 0.073185545
L105: 45717 | M105: 54.58 | N105: 37.2 | O105: =N105/M105 -> 0.68156834 | P105: =N105/N104-1 -> 0.052631579
L118: 237
B119: Most Impacted Banks | E119: 45352 | F119: 45444 | G119: 45536 | H119: 45627 | I119: 9M Growth % | L119: =L118*4 -> 948
B120: Kotak Mahindra Bank | E120: =E80*100 -> 60.42418 | F120: =F80*100 -> 59.35815 | G120: =G80*100 -> 54.13306 | H120: =H80*100 -> 50.94515 | I120: =H120/E120-1 -> -0.15687478
B121: Federal Bank/ DCB/SBM | E121: =(E86+E100+E101+E102)*100 -> 22.92325 | F121: =(F86+F100+F101+F102)*100 -> 23.28697 | G121: =(G86+G100+G101+G102)*100 -> 20.60032 | H121: =(H86+H100+H101+H102)*100 -> 21.22688 | I121: =H121/E121-1 -> -0.074002159
B122: Total | E122: =SUM(E120:E121) -> 83.34743 | F122: =SUM(F120:F121) -> 82.64512 | G122: =SUM(G120:G121) -> 74.73338 | H122: =SUM(H120:H121) -> 72.17203 | I122: =H122/E122-1 -> -0.13408212

Sheet Summary DC Vol
B2: Sheet Name | C2: 1 | D2: =C2+1 -> 2 | E2: =D2+1 -> 3 | F2: =E2+1 -> 4 | G2: =F2+1 -> 5 | H2: =G2+1 -> 6 | I2: =H2+1 -> 7 | J2: =I2+1 -> 8 | K2: =J2+1 -> 9 | ... AM2: =AL2+1 -> 37
B3: Months | C3: 44562 | D3: =EOMONTH(C3,1)-1 -> 44619 | E3: =EOMONTH(D3,1)-1 -> 44650 | F3: =EOMONTH(E3,1)-1 -> 44680 | G3: =EOMONTH(F3,1)-1 -> 44711 | H3: =EOMONTH(G3,1)-1 -> 44741 | I3: =EOMONTH(H3,1)-1 -> 44772 | J3: =EOMONTH(I3,1)-1 -> 44803 | K3: =EOMONTH(J3,1)-1 -> 44833 | ... AM3: =EOMONTH(AL3,1)-1 -> 45687 | AO3: FY 24 9M | AP3: FY 25 9 M | AT3: % distribution of Total
A4: Scheduled Commercial Banks | B4: STATE BANK OF INDIA | C4: =IFERROR(VLOOKUP(B4,'1'!$C$3:$S$100,13,FALSE),"") -> 280953089 | D4: =IFERROR(VLOOKUP(B4,'2'!$C$3:$S$100,13,FALSE),"") -> 275398132 | E4: =IFERROR(VLOOKUP($B4,INDIRECT("'" & E$2 & "'!$C$3:$R$100"),9,FALSE),"") -> 275922932 | F4: =IFERROR(VLOOKUP($B4,INDIRECT("'" & F$2 & "'!$C$3:$R$100"),9,FALSE),"") -> 279530049 | G4: =IFERROR(VLOOKUP($B4,INDIRECT("'" & G$2 & "'!$C$3:$R$100"),9,FALSE),"") -> 278381730 | H4: =IFERROR(VLOOKUP($B4,INDIRECT("'" & H$2 & "'!$C$3:$R$100"),9,FALSE),"") -> 274069731 | I4: =IFERROR(VLOOKUP($B4,INDIRECT("'" & I$2 & "'!$C$3:$R$100"),9,FALSE),"") -> 274637296 | J4: =IFERROR(VLOOKUP($B4,INDIRECT("'" & J$2 & "'!$C$3:$R$100"),9,FALSE),"") -> 277159959 | K4: =IFERROR(VLOOKUP($B4,INDIRECT("'" & K$2 & "'!$C$3:$R$100"),9,FALSE),"") -> 275397426 | L4: =IFERROR(VLOOKUP($B4,INDIRECT("'" & L$2 & "'!$C$3:$R$100"),9,FALSE),"") -> 277289229 | ... AM4: =IFERROR(VLOOKUP($B4,INDIRECT("'" & AM$2 & "'!$C$3:$R$100"),9,FALSE),"") -> 237986554 | AN4: =AL4/SUM($AL$4:$AL$68) -> 0.24251049 | AO4: =Z4/R4-1 -> -0.17248571 | AP4: =AL4/AD4-1 -> 0.048509875 | AT4: =IFERROR(AJ4/#REF!,"")
A5: Scheduled Commercial Banks | B5: BANK OF BARODA | C5: =IFERROR(VLOOKUP(B5,'1'!$C$3:$S$100,13,FALSE),"") -> 73809630 | D5: =IFERROR(VLOOKUP(B5,'2'!$C$3:$S$100,13,FALSE),"") -> 74000676 | E5: =IFERROR(VLOOKUP($B5,INDIRECT("'" & E$2 & "'!$C$3:$R$100"),9,FALSE),"") -> 74522207 | F5: =IFERROR(VLOOKUP($B5,INDIRECT("'" & F$2 & "'!$C$3:$R$100"),9,FALSE),"") -> 75272375 | G5: =IFERROR(VLOOKUP($B5,INDIRECT("'" & G$2 & "'!$C$3:$R$100"),9,FALSE),"") -> 75630687 | H5: =IFERROR(VLOOKUP($B5,INDIRECT("'" & H$2 & "'!$C$3:$R$100"),9,FALSE),"") -> 75993816 | I5: =IFERROR(VLOOKUP($B5,INDIRECT("'" & I$2 & "'!$C$3:$R$100"),9,FALSE),"") -> 76491940 | J5: =IFERROR(VLOOKUP($B5,INDIRECT("'" & J$2 & "'!$C$3:$R$100"),9,FALSE),"") -> 76893503 | K5: =IFERROR(VLOOKUP($B5,INDIRECT("'" & K$2 & "'!$C$3:$R$100"),9,FALSE),"") -> 77708499 | L5: =IFERROR(VLOOKUP($B5,INDIRECT("'" & L$2 & "'!$C$3:$R$100"),9,FALSE),"") -> 78440427 | ... AM5: =IFERROR(VLOOKUP($B5,INDIRECT("'" & AM$2 & "'!$C$3:$R$100"),9,FALSE),"") -> 87899577 | AN5: =AL5/SUM($AL$4:$AL$68) -> 0.088132805 | AO5: =Z5/R5-1 -> 0.12244438 | AP5: =AL5/AD5-1 -> -0.08835779 | AT5: =IFERROR(AJ5/#REF!,"")
A6: Scheduled Commercial Banks | B6: UNION BANK OF INDIA | C6: =IFERROR(VLOOKUP(B6,'1'!$C$3:$S$100,13,FALSE),"") -> 46993660 | D6: =IFERROR(VLOOKUP(B6,'2'!$C$3:$S$100,13,FALSE),"") -> 47410781 | E6: =IFERROR(VLOOKUP($B6,INDIRECT("'" & E$2 & "'!$C$3:$R$100"),9,FALSE),"") -> 47932253 | F6: =IFERROR(VLOOKUP($B6,INDIRECT("'" & F$2 & "'!$C$3:$R$100"),9,FALSE),"") -> 48242120 | G6: =IFERROR(VLOOKUP($B6,INDIRECT("'" & G$2 & "'!$C$3:$R$100"),9,FALSE),"") -> 48623903 | H6: =IFERROR(VLOOKUP($B6,INDIRECT("'" & H$2 & "'!$C$3:$R$100"),9,FALSE),"") -> 49044522 | I6: =IFERROR(VLOOKUP($B6,INDIRECT("'" & I$2 & "'!$C$3:$R$100"),9,FALSE),"") -> 49339980 | J6: =IFERROR(VLOOKUP($B6,INDIRECT("'" & J$2 & "'!$C$3:$R$100"),9,FALSE),"") -> 49647373 | K6: =IFERROR(VLOOKUP($B6,INDIRECT("'" & K$2 & "'!$C$3:$R$100"),9,FALSE),"") -> 50217508 | L6: =IFERROR(VLOOKUP($B6,INDIRECT("'" & L$2 & "'!$C$3:$R$100"),9,FALSE),"") -> 50324328 | ... AM6: =IFERROR(VLOOKUP($B6,INDIRECT("'" & AM$2 & "'!$C$3:$R$100"),9,FALSE),"") -> 55013536 | AN6: =AL6/SUM($AL$4:$AL$68) -> 0.061127873 | AO6: =Z6/R6-1 -> 0.059708514 | AP6: =AL6/AD6-1 -> 0.11223596 | AT6: =IFERROR(AJ6/#REF!,"")
A7: Scheduled Commercial Banks | B7: CANARA BANK | C7: =IFERROR(VLOOKUP(B7,'1'!$C$3:$S$100,13,FALSE),"") -> 45777153 | D7: =IFERROR(VLOOKUP(B7,'2'!$C$3:$S$100,13,FALSE),"") -> 46172471 | E7: =IFERROR(VLOOKUP($B7,INDIRECT("'" & E$2 & "'!$C$3:$R$100"),9,FALSE),"") -> 46459485 | F7: =IFERROR(VLOOKUP($B7,INDIRECT("'" & F$2 & "'!$C$3:$R$100"),9,FALSE),"") -> 47155319 | G7: =IFERROR(VLOOKUP($B7,INDIRECT("'" & G$2 & "'!$C$3:$R$100"),9,FALSE),"") -> 46959288 | H7: =IFERROR(VLOOKUP($B7,INDIRECT("'" & H$2 & "'!$C$3:$R$100"),9,FALSE),"") -> 46100836 | I7: =IFERROR(VLOOKUP($B7,INDIRECT("'" & I$2 & "'!$C$3:$R$100"),9,FALSE),"") -> 46819589 | J7: =IFERROR(VLOOKUP($B7,INDIRECT("'" & J$2 & "'!$C$3:$R$100"),9,FALSE),"") -> 47715491 | K7: =IFERROR(VLOOKUP($B7,INDIRECT("'" & K$2 & "'!$C$3:$R$100"),9,FALSE),"") -> 48539815 | L7: =IFERROR(VLOOKUP($B7,INDIRECT("'" & L$2 & "'!$C$3:$R$100"),9,FALSE),"") -> 47982447 | ... AM7: =IFERROR(VLOOKUP($B7,INDIRECT("'" & AM$2 & "'!$C$3:$R$100"),9,FALSE),"") -> 60036049 | AN7: =AL7/SUM($AL$4:$AL$68) -> 0.05993867 | AO7: =Z7/R7-1 -> 0.10358041 | AP7: =AL7/AD7-1 -> 0.031772959 | AT7: =IFERROR(AJ7/#REF!,"")
A8: Scheduled Commercial Banks | B8: HDFC BANK LTD | C8: =IFERROR(VLOOKUP(B8,'1'!$C$3:$S$100,13,FALSE),"") -> 41862466 | D8: =IFERROR(VLOOKUP(B8,'2'!$C$3:$S$100,13,FALSE),"") -> 42444090 | E8: =IFERROR(VLOOKUP($B8,INDIRECT("'" & E$2 & "'!$C$3:$R$100"),9,FALSE),"") -> 43041155 | F8: =IFERROR(VLOOKUP($B8,INDIRECT("'" & F$2 & "'!$C$3:$R$100"),9,FALSE),"") -> 43572256 | G8: =IFERROR(VLOOKUP($B8,INDIRECT("'" & G$2 & "'!$C$3:$R$100"),9,FALSE),"") -> 44236727 | H8: =IFERROR(VLOOKUP($B8,INDIRECT("'" & H$2 & "'!$C$3:$R$100"),9,FALSE),"") -> 45013206 | I8: =IFERROR(VLOOKUP($B8,INDIRECT("'" & I$2 & "'!$C$3:$R$100"),9,FALSE),"") -> 45803977 | J8: =IFERROR(VLOOKUP($B8,INDIRECT("'" & J$2 & "'!$C$3:$R$100"),9,FALSE),"") -> 46582533 | K8: =IFERROR(VLOOKUP($B8,INDIRECT("'" & K$2 & "'!$C$3:$R$100"),9,FALSE),"") -> 47410153 | L8: =IFERROR(VLOOKUP($B8,INDIRECT("'" & L$2 & "'!$C$3:$R$100"),9,FALSE),"") -> 48032697 | ... AM8: =IFERROR(VLOOKUP($B8,INDIRECT("'" & AM$2 & "'!$C$3:$R$100"),9,FALSE),"") -> 58648304 | AN8: =AL8/SUM($AL$4:$AL$68) -> 0.058928703 | AO8: =Z8/R8-1 -> 0.0431202 | AP8: =AL8/AD8-1 -> 0.054337657 | AT8: =IFERROR(AJ8/#REF!,"")
A9: Scheduled Commercial Banks | B9: PUNJAB NATIONAL BANK | C9: =IFERROR(VLOOKUP(B9,'1'!$C$3:$S$100,13,FALSE),"") -> 45514858 | D9: =IFERROR(VLOOKUP(B9,'2'!$C$3:$S$100,13,FALSE),"") -> 45773453 | E9: =IFERROR(VLOOKUP($B9,INDIRECT("'" & E$2 & "'!$C$3:$R$100"),9,FALSE),"") -> 45957631 | F9: =IFERROR(VLOOKUP($B9,INDIRECT("'" & F$2 & "'!$C$3:$R$100"),9,FALSE),"") -> 45677227 | G9: =IFERROR(VLOOKUP($B9,INDIRECT("'" & G$2 & "'!$C$3:$R$100"),9,FALSE),"") -> 45920571 | H9: =IFERROR(VLOOKUP($B9,INDIRECT("'" & H$2 & "'!$C$3:$R$100"),9,FALSE),"") -> 46296504 | I9: =IFERROR(VLOOKUP($B9,INDIRECT("'" & I$2 & "'!$C$3:$R$100"),9,FALSE),"") -> 46524689 | J9: =IFERROR(VLOOKUP($B9,INDIRECT("'" & J$2 & "'!$C$3:$R$100"),9,FALSE),"") -> 45499411 | K9: =IFERROR(VLOOKUP($B9,INDIRECT("'" & K$2 & "'!$C$3:$R$100"),9,FALSE),"") -> 45758496 | L9: =IFERROR(VLOOKUP($B9,INDIRECT("'" & L$2 & "'!$C$3:$R$100"),9,FALSE),"") -> 45911797 | ... AM9: =IFERROR(VLOOKUP($B9,INDIRECT("'" & AM$2 & "'!$C$3:$R$100"),9,FALSE),"") -> 41061227 | AN9: =AL9/SUM($AL$4:$AL$68) -> 0.041390002 | AO9: =Z9/R9-1 -> -0.021972637 | AP9: =AL9/AD9-1 -> 0.021991025 | AT9: =IFERROR(AJ9/#REF!,"")
A10: Scheduled Commercial Banks | B10: AXIS BANK LTD | C10: =IFERROR(VLOOKUP(B10,'1'!$C$3:$S$100,13,FALSE),"") -> 27077052 | D10: =IFERROR(VLOOKUP(B10,'2'!$C$3:$S$100,13,FALSE),"") -> 27314085 | E10: =IFERROR(VLOOKUP($B10,INDIRECT("'" & E$2 & "'!$C$3:$R$100"),9,FALSE),"") -> 27747647 | F10: =IFERROR(VLOOKUP($B10,INDIRECT("'" & F$2 & "'!$C$3:$R$100"),9,FALSE),"") -> 27912443 | G10: =IFERROR(VLOOKUP($B10,INDIRECT("'" & G$2 & "'!$C$3:$R$100"),9,FALSE),"") -> 28233123 | H10: =IFERROR(VLOOKUP($B10,INDIRECT("'" & H$2 & "'!$C$3:$R$100"),9,FALSE),"") -> 28729313 | I10: =IFERROR(VLOOKUP($B10,INDIRECT("'" & I$2 & "'!$C$3:$R$100"),9,FALSE),"") -> 29034253 | J10: =IFERROR(VLOOKUP($B10,INDIRECT("'" & J$2 & "'!$C$3:$R$100"),9,FALSE),"") -> 28975119 | K10: =IFERROR(VLOOKUP($B10,INDIRECT("'" & K$2 & "'!$C$3:$R$100"),9,FALSE),"") -> 28744562 | L10: =IFERROR(VLOOKUP($B10,INDIRECT("'" & L$2 & "'!$C$3:$R$100"),9,FALSE),"") -> 27975510 | ... AM10: =IFERROR(VLOOKUP($B10,INDIRECT("'" & AM$2 & "'!$C$3:$R$100"),9,FALSE),"") -> 39562869 | AN10: =AL10/SUM($AL$4:$AL$68) -> 0.039472305 | AO10: =Z10/R10-1 -> 0.12424807 | AP10: =AL10/AD10-1 -> 0.11346255 | AT10: =IFERROR(AJ10/#REF!,"")
A11: Scheduled Commercial Banks | B11: BANK OF INDIA | C11: =IFERROR(VLOOKUP(B11,'1'!$C$3:$S$100,13,FALSE),"") -> 44500508 | D11: =IFERROR(VLOOKUP(B11,'2'!$C$3:$S$100,13,FALSE),"") -> 44639149 | E11: =IFERROR(VLOOKUP($B11,INDIRECT("'" & E$2 & "'!$C$3:$R$100"),9,FALSE),"") -> 44856938 | F11: =IFERROR(VLOOKUP($B11,INDIRECT("'" & F$2 & "'!$C$3:$R$100"),9,FALSE),"") -> 44965718 | G11: =IFERROR(VLOOKUP($B11,INDIRECT("'" & G$2 & "'!$C$3:$R$100"),9,FALSE),"") -> 45256890 | H11: =IFERROR(VLOOKUP($B11,INDIRECT("'" & H$2 & "'!$C$3:$R$100"),9,FALSE),"") -> 45402570 | I11: =IFERROR(VLOOKUP($B11,INDIRECT("'" & I$2 & "'!$C$3:$R$100"),9,FALSE),"") -> 45431685 | J11: =IFERROR(VLOOKUP($B11,INDIRECT("'" & J$2 & "'!$C$3:$R$100"),9,FALSE),"") -> 45494860 | K11: =IFERROR(VLOOKUP($B11,INDIRECT("'" & K$2 & "'!$C$3:$R$100"),9,FALSE),"") -> 45593205 | L11: =IFERROR(VLOOKUP($B11,INDIRECT("'" & L$2 & "'!$C$3:$R$100"),9,FALSE),"") -> 45831608 | ... AM11: =IFERROR(VLOOKUP($B11,INDIRECT("'" & AM$2 & "'!$C$3:$R$100"),9,FALSE),"") -> 36546639 | AN11: =AL11/SUM($AL$4:$AL$68) -> 0.039101479 | AO11: =Z11/R11-1 -> -0.0024579687 | AP11: =AL11/AD11-1 -> -0.14106447 | AT11: =IFERROR(AJ11/#REF!,"")
A12: Scheduled Commercial Banks | B12: KOTAK MAHINDRA BANK LTD | C12: =IFERROR(VLOOKUP(B12,'1'!$C$3:$S$100,13,FALSE),"") -> 22536678 | D12: =IFERROR(VLOOKUP(B12,'2'!$C$3:$S$100,13,FALSE),"") -> 23059908 | E12: =IFERROR(VLOOKUP($B12,INDIRECT("'" & E$2 & "'!$C$3:$R$100"),9,FALSE),"") -> 23530754 | F12: =IFERROR(VLOOKUP($B12,INDIRECT("'" & F$2 & "'!$C$3:$R$100"),9,FALSE),"") -> 23883034 | G12: =IFERROR(VLOOKUP($B12,INDIRECT("'" & G$2 & "'!$C$3:$R$100"),9,FALSE),"") -> 24228289 | H12: =IFERROR(VLOOKUP($B12,INDIRECT("'" & H$2 & "'!$C$3:$R$100"),9,FALSE),"") -> 24587521 | I12: =IFERROR(VLOOKUP($B12,INDIRECT("'" & I$2 & "'!$C$3:$R$100"),9,FALSE),"") -> 24983429 | J12: =IFERROR(VLOOKUP($B12,INDIRECT("'" & J$2 & "'!$C$3:$R$100"),9,FALSE),"") -> 25526683 | K12: =IFERROR(VLOOKUP($B12,INDIRECT("'" & K$2 & "'!$C$3:$R$100"),9,FALSE),"") -> 25797993 | L12: =IFERROR(VLOOKUP($B12,INDIRECT("'" & L$2 & "'!$C$3:$R$100"),9,FALSE),"") -> 26089134 | ... AM12: =IFERROR(VLOOKUP($B12,INDIRECT("'" & AM$2 & "'!$C$3:$R$100"),9,FALSE),"") -> 34856978 | AN12: =AL12/SUM($AL$4:$AL$68) -> 0.035011375 | AO12: =Z12/R12-1 -> 0.13150112 | AP12: =AL12/AD12-1 -> 0.002512374 | AT12: =IFERROR(AJ12/#REF!,"")
A13: Scheduled Commercial Banks | B13: INDIAN BANK | C13: =IFERROR(VLOOKUP(B13,'1'!$C$3:$S$100,13,FALSE),"") -> 26592618 | D13: =IFERROR(VLOOKUP(B13,'2'!$C$3:$S$100,13,FALSE),"") -> 26745992 | E13: =IFERROR(VLOOKUP($B13,INDIRECT("'" & E$2 & "'!$C$3:$R$100"),9,FALSE),"") -> 26961021 | F13: =IFERROR(VLOOKUP($B13,INDIRECT("'" & F$2 & "'!$C$3:$R$100"),9,FALSE),"") -> 27095159 | G13: =IFERROR(VLOOKUP($B13,INDIRECT("'" & G$2 & "'!$C$3:$R$100"),9,FALSE),"") -> 27241274 | H13: =IFERROR(VLOOKUP($B13,INDIRECT("'" & H$2 & "'!$C$3:$R$100"),9,FALSE),"") -> 27703669 | I13: =IFERROR(VLOOKUP($B13,INDIRECT("'" & I$2 & "'!$C$3:$R$100"),9,FALSE),"") -> 28168095 | J13: =IFERROR(VLOOKUP($B13,INDIRECT("'" & J$2 & "'!$C$3:$R$100"),9,FALSE),"") -> 28371703 | K13: =IFERROR(VLOOKUP($B13,INDIRECT("'" & K$2 & "'!$C$3:$R$100"),9,FALSE),"") -> 28656557 | L13: =IFERROR(VLOOKUP($B13,INDIRECT("'" & L$2 & "'!$C$3:$R$100"),9,FALSE),"") -> 28816092 | ... AM13: =IFERROR(VLOOKUP($B13,INDIRECT("'" & AM$2 & "'!$C$3:$R$100"),9,FALSE),"") -> 33140182 | AN13: =AL13/SUM($AL$4:$AL$68) -> 0.033322383 | AO13: =Z13/R13-1 -> 0.0095639126 | AP13: =AL13/AD13-1 -> 0.022653363 | AT13: =IFERROR(AJ13/#REF!,"")
A14: Scheduled Commercial Banks | B14: ICICI BANK LTD | C14: =IFERROR(VLOOKUP(B14,'1'!$C$3:$S$100,13,FALSE),"") -> 36787344 | D14: =IFERROR(VLOOKUP(B14,'2'!$C$3:$S$100,13,FALSE),"") -> 36654493 | E14: =IFERROR(VLOOKUP($B14,INDIRECT("'" & E$2 & "'!$C$3:$R$100"),9,FALSE),"") -> 36655920 | F14: =IFERROR(VLOOKUP($B14,INDIRECT("'" & F$2 & "'!$C$3:$R$100"),9,FALSE),"") -> 36751248 | G14: =IFERROR(VLOOKUP($B14,INDIRECT("'" & G$2 & "'!$C$3:$R$100"),9,FALSE),"") -> 36983226 | H14: =IFERROR(VLOOKUP($B14,INDIRECT("'" & H$2 & "'!$C$3:$R$100"),9,FALSE),"") -> 36545077 | I14: =IFERROR(VLOOKUP($B14,INDIRECT("'" & I$2 & "'!$C$3:$R$100"),9,FALSE),"") -> 35712273 | J14: =IFERROR(VLOOKUP($B14,INDIRECT("'" & J$2 & "'!$C$3:$R$100"),9,FALSE),"") -> 35594187 | K14: =IFERROR(VLOOKUP($B14,INDIRECT("'" & K$2 & "'!$C$3:$R$100"),9,FALSE),"") -> 35633467 | L14: =IFERROR(VLOOKUP($B14,INDIRECT("'" & L$2 & "'!$C$3:$R$100"),9,FALSE),"") -> 35709144 | ... AM14: =IFERROR(VLOOKUP($B14,INDIRECT("'" & AM$2 & "'!$C$3:$R$100"),9,FALSE),"") -> 31847642 | AN14: =AL14/SUM($AL$4:$AL$68) -> 0.032110262 | AO14: =Z14/R14-1 -> -0.0037752462 | AP14: =AL14/AD14-1 -> -0.012327775 | AT14: =IFERROR(AJ14/#REF!,"")
A15: Scheduled Commercial Banks | B15: PAYTM PAYMENTS BANK | C15: =IFERROR(VLOOKUP(B15,'1'!$C$3:$S$100,13,FALSE),"") -> 66171234 | D15: =IFERROR(VLOOKUP(B15,'2'!$C$3:$S$100,13,FALSE),"") -> 61140286 | E15: =IFERROR(VLOOKUP($B15,INDIRECT("'" & E$2 & "'!$C$3:$R$100"),9,FALSE),"") -> 36619887 | F15: =IFERROR(VLOOKUP($B15,INDIRECT("'" & F$2 & "'!$C$3:$R$100"),9,FALSE),"") -> 36856402 | G15: =IFERROR(VLOOKUP($B15,INDIRECT("'" & G$2 & "'!$C$3:$R$100"),9,FALSE),"") -> 37013451 | H15: =IFERROR(VLOOKUP($B15,INDIRECT("'" & H$2 & "'!$C$3:$R$100"),9,FALSE),"") -> 37239918 | I15: =IFERROR(VLOOKUP($B15,INDIRECT("'" & I$2 & "'!$C$3:$R$100"),9,FALSE),"") -> 38074943 | J15: =IFERROR(VLOOKUP($B15,INDIRECT("'" & J$2 & "'!$C$3:$R$100"),9,FALSE),"") -> 37559643 | K15: =IFERROR(VLOOKUP($B15,INDIRECT("'" & K$2 & "'!$C$3:$R$100"),9,FALSE),"") -> 37703540 | L15: =IFERROR(VLOOKUP($B15,INDIRECT("'" & L$2 & "'!$C$3:$R$100"),9,FALSE),"") -> 37800341 | ... AM15: =IFERROR(VLOOKUP($B15,INDIRECT("'" & AM$2 & "'!$C$3:$R$100"),9,FALSE),"") -> 30602679 | AN15: =AL15/SUM($AL$4:$AL$68) -> 0.030884844 | AO15: =Z15/R15-1 -> -0.15041361 | AP15: =AL15/AD15-1 -> -0.052036281 | AT15: =IFERROR(AJ15/#REF!,"")
... A64: Small Finance Banks | B64: KOOKMIN BANK | C64: =IFERROR(VLOOKUP(B64,'1'!$C$3:$S$100,13,FALSE),"") | D64: =IFERROR(VLOOKUP(B64,'2'!$C$3:$S$100,13,FALSE),"") | E64: =IFERROR(VLOOKUP($B64,INDIRECT("'" & E$2 & "'!$C$3:$R$100"),9,FALSE),"") | F64: =IFERROR(VLOOKUP($B64,INDIRECT("'" & F$2 & "'!$C$3:$R$100"),9,FALSE),"") | G64: =IFERROR(VLOOKUP($B64,INDIRECT("'" & G$2 & "'!$C$3:$R$100"),9,FALSE),"") | H64: =IFERROR(VLOOKUP($B64,INDIRECT("'" & H$2 & "'!$C$3:$R$100"),9,FALSE),"") | I64: =IFERROR(VLOOKUP($B64,INDIRECT("'" & I$2 & "'!$C$3:$R$100"),9,FALSE),"") | J64: =IFERROR(VLOOKUP($B64,INDIRECT("'" & J$2 & "'!$C$3:$R$100"),9,FALSE),"") | K64: =IFERROR(VLOOKUP($B64,INDIRECT("'" & K$2 & "'!$C$3:$R$100"),9,FALSE),"") | L64: =IFERROR(VLOOKUP($B64,INDIRECT("'" & L$2 & "'!$C$3:$R$100"),9,FALSE),"") | ... AM64: =IFERROR(VLOOKUP($B64,INDIRECT("'" & AM$2 & "'!$C$3:$R$100"),9,FALSE),"") -> 493 | AN64: =AL64/SUM($AL$4:$AL$68) -> 4.8539376e-07 | AO64: =Z64/R64-1 -> #VALUE! | AP64: =AL64/AD64-1 -> 0.26912929 | AT64: =IFERROR(AJ64/#REF!,"")
A65: Small Finance Banks | B65: FINCARE SMALL FINANCE BANK LIMITED | C65: =IFERROR(VLOOKUP(B65,'1'!$C$3:$S$100,13,FALSE),0) -> 3123063 | D65: =IFERROR(VLOOKUP(C65,'1'!$C$3:$S$100,13,FALSE),0) -> 0 | E65: =IFERROR(VLOOKUP(D65,'1'!$C$3:$S$100,13,FALSE),0) -> 0 | F65: =IFERROR(VLOOKUP(E65,'1'!$C$3:$S$100,13,FALSE),0) -> 0 | G65: =IFERROR(VLOOKUP(F65,'1'!$C$3:$S$100,13,FALSE),0) -> 0 | H65: =IFERROR(VLOOKUP(G65,'1'!$C$3:$S$100,13,FALSE),0) -> 0 | I65: =IFERROR(VLOOKUP(H65,'1'!$C$3:$S$100,13,FALSE),0) -> 0 | J65: =IFERROR(VLOOKUP(I65,'1'!$C$3:$S$100,13,FALSE),0) -> 0 | ... AM65: =IFERROR(VLOOKUP(AL65,'1'!$C$3:$S$100,13,FALSE),0) -> 0 | AN65: =AL65/SUM($AL$4:$AL$68) -> 0 | AO65: =Z65/R65-1 -> #DIV/0! | AP65: =AL65/AD65-1 -> #DIV/0! | AT65: =IFERROR(AJ65/#REF!,"")
A66: Small Finance Banks | B66: AMERICAN EXPRESS BANKING CORPORATION | C66: =IFERROR(VLOOKUP(B66,'1'!$C$3:$S$100,13,FALSE),"") -> 0 | D66: =IFERROR(VLOOKUP(B66,'2'!$C$3:$S$100,13,FALSE),"") -> 0 | E66: =IFERROR(VLOOKUP($B66,INDIRECT("'" & E$2 & "'!$C$3:$R$100"),9,FALSE),"") -> 0 | F66: =IFERROR(VLOOKUP($B66,INDIRECT("'" & F$2 & "'!$C$3:$R$100"),9,FALSE),"") -> 0 | G66: =IFERROR(VLOOKUP($B66,INDIRECT("'" & G$2 & "'!$C$3:$R$100"),9,FALSE),"") -> 0 | H66: =IFERROR(VLOOKUP($B66,INDIRECT("'" & H$2 & "'!$C$3:$R$100"),9,FALSE),"") -> 0 | I66: =IFERROR(VLOOKUP($B66,INDIRECT("'" & I$2 & "'!$C$3:$R$100"),9,FALSE),"") -> 0 | J66: =IFERROR(VLOOKUP($B66,INDIRECT("'" & J$2 & "'!$C$3:$R$100"),9,FALSE),"") -> 0 | K66: =IFERROR(VLOOKUP($B66,INDIRECT("'" & K$2 & "'!$C$3:$R$100"),9,FALSE),"") -> 0 | L66: =IFERROR(VLOOKUP($B66,INDIRECT("'" & L$2 & "'!$C$3:$R$100"),9,FALSE),"") -> 0 | ... AM66: =IFERROR(VLOOKUP($B66,INDIRECT("'" & AM$2 & "'!$C$3:$R$100"),9,FALSE),"") -> 0 | AN66: =AL66/SUM($AL$4:$AL$68) -> 0 | AO66: =Z66/R66-1 -> #DIV/0! | AP66: =AL66/AD66-1 -> #DIV/0! | AT66: =IFERROR(AJ66/#REF!,"")
A67: Small Finance Banks | B67: BANK OF AMERICA | C67: =IFERROR(VLOOKUP(B67,'1'!$C$3:$S$100,13,FALSE),"") -> 0 | D67: =IFERROR(VLOOKUP(B67,'2'!$C$3:$S$100,13,FALSE),"") -> 0 | E67: =IFERROR(VLOOKUP($B67,INDIRECT("'" & E$2 & "'!$C$3:$R$100"),9,FALSE),"") -> 0 | F67: =IFERROR(VLOOKUP($B67,INDIRECT("'" & F$2 & "'!$C$3:$R$100"),9,FALSE),"") -> 0 | G67: =IFERROR(VLOOKUP($B67,INDIRECT("'" & G$2 & "'!$C$3:$R$100"),9,FALSE),"") -> 0 | H67: =IFERROR(VLOOKUP($B67,INDIRECT("'" & H$2 & "'!$C$3:$R$100"),9,FALSE),"") -> 0 | I67: =IFERROR(VLOOKUP($B67,INDIRECT("'" & I$2 & "'!$C$3:$R$100"),9,FALSE),"") -> 0 | J67: =IFERROR(VLOOKUP($B67,INDIRECT("'" & J$2 & "'!$C$3:$R$100"),9,FALSE),"") -> 0 | K67: =IFERROR(VLOOKUP($B67,INDIRECT("'" & K$2 & "'!$C$3:$R$100"),9,FALSE),"") -> 0 | L67: =IFERROR(VLOOKUP($B67,INDIRECT("'" & L$2 & "'!$C$3:$R$100"),9,FALSE),"") -> 0 | ... AM67: =IFERROR(VLOOKUP($B67,INDIRECT("'" & AM$2 & "'!$C$3:$R$100"),9,FALSE),"") -> 0 | AN67: =AL67/SUM($AL$4:$AL$68) -> 0 | AO67: =Z67/R67-1 -> #DIV/0! | AP67: =AL67/AD67-1 -> #DIV/0! | AT67: =IFERROR(AJ67/#REF!,"")
A68: Small Finance Banks | B68: CITI BANK | C68: =IFERROR(VLOOKUP(B68,'1'!$C$3:$S$100,13,FALSE),"") -> 1454747 | D68: =IFERROR(VLOOKUP(B68,'2'!$C$3:$S$100,13,FALSE),"") -> 1444035 | E68: =IFERROR(VLOOKUP($B68,INDIRECT("'" & E$2 & "'!$C$3:$R$100"),9,FALSE),"") -> 1432288 | F68: =IFERROR(VLOOKUP($B68,INDIRECT("'" & F$2 & "'!$C$3:$R$100"),9,FALSE),"") -> 1424091 | G68: =IFERROR(VLOOKUP($B68,INDIRECT("'" & G$2 & "'!$C$3:$R$100"),9,FALSE),"") -> 1343391 | H68: =IFERROR(VLOOKUP($B68,INDIRECT("'" & H$2 & "'!$C$3:$R$100"),9,FALSE),"") -> 1337043 | I68: =IFERROR(VLOOKUP($B68,INDIRECT("'" & I$2 & "'!$C$3:$R$100"),9,FALSE),"") -> 1333354 | J68: =IFERROR(VLOOKUP($B68,INDIRECT("'" & J$2 & "'!$C$3:$R$100"),9,FALSE),"") -> 1331815 | K68: =IFERROR(VLOOKUP($B68,INDIRECT("'" & K$2 & "'!$C$3:$R$100"),9,FALSE),"") -> 1319374 | L68: =IFERROR(VLOOKUP($B68,INDIRECT("'" & L$2 & "'!$C$3:$R$100"),9,FALSE),"") -> 1317002 | ... AM68: =IFERROR(VLOOKUP($B68,INDIRECT("'" & AM$2 & "'!$C$3:$R$100"),9,FALSE),"") -> 0 | AN68: =AL68/SUM($AL$4:$AL$68) -> 0 | AO68: =Z68/R68-1 -> #DIV/0! | AP68: =AL68/AD68-1 -> #DIV/0! | AT68: =IFERROR(AJ68/#REF!,"")
B69: Total | C69: =SUM(C4:C68) -> 940928583 | D69: =SUM(D4:D68) -> 931848434 | E69: =SUM(E4:E68) -> 914350747 | F69: =SUM(F4:F68) -> 916306086 | G69: =SUM(G4:G68) -> 914125576 | H69: =SUM(H4:H68) -> 911887550 | I69: =SUM(I4:I68) -> 924503198 | J69: =SUM(J4:J68) -> 931311729 | ... AM69: =SUM(AM4:AM68) -> 982039277
C73: 21 | D73: =C73+3 -> 24 | E73: =D73+3 -> 27 | F73: =E73+3 -> 30 | G73: =F73+3 -> 33 | H73: =G73+3 -> 36
A74: S. No | B74: Debit Card Outstanding (Crores) | C74: 45170 | D74: 45261 | E74: 45352 | F74: 45444 | G74: 45536 | H74: 45627 | I74: % Total as of Dec 24 | J74: 18M Growth %
A75: 1 | B75: STATE BANK OF INDIA | C75: =VLOOKUP($B75,$B$2:$AL$69,C$73,FALSE)/10^7 -> 26.141587 | D75: =VLOOKUP($B75,$B$2:$AL$69,D$73,FALSE)/10^7 -> 24.570687 | E75: =VLOOKUP($B75,$B$2:$AL$69,E$73,FALSE)/10^7 -> 22.787532 | F75: =VLOOKUP($B75,$B$2:$AL$69,F$73,FALSE)/10^7 -> 23.135083 | G75: =VLOOKUP($B75,$B$2:$AL$69,G$73,FALSE)/10^7 -> 23.392336 | H75: =VLOOKUP($B75,$B$2:$AL$69,H$73,FALSE)/10^7 -> 23.610437 | I75: =H75/$H$97 -> 0.24102815 | J75: =H75/C75-1 -> -0.096824668 | K75: =H75/E75-1 -> 0.036112063
A76: 2 | B76: BANK OF BARODA | C76: =VLOOKUP($B76,$B$2:$AL$69,C$73,FALSE)/10^7 -> 9.0550901 | D76: =VLOOKUP($B76,$B$2:$AL$69,D$73,FALSE)/10^7 -> 9.2992617 | E76: =VLOOKUP($B76,$B$2:$AL$69,E$73,FALSE)/10^7 -> 9.465817 | F76: =VLOOKUP($B76,$B$2:$AL$69,F$73,FALSE)/10^7 -> 9.6219184 | G76: =VLOOKUP($B76,$B$2:$AL$69,G$73,FALSE)/10^7 -> 9.8130715 | H76: =VLOOKUP($B76,$B$2:$AL$69,H$73,FALSE)/10^7 -> 8.6552638 | I76: =H76/$H$97 -> 0.088357628 | J76: =H76/C76-1 -> -0.044154867 | K76: =H76/E76-1 -> -0.085629502
A77: 3 | B77: UNION BANK OF INDIA | C77: =VLOOKUP($B77,$B$2:$AL$69,C$73,FALSE)/10^7 -> 5.242099 | D77: =VLOOKUP($B77,$B$2:$AL$69,D$73,FALSE)/10^7 -> 5.3584901 | E77: =VLOOKUP($B77,$B$2:$AL$69,E$73,FALSE)/10^7 -> 5.4243842 | F77: =VLOOKUP($B77,$B$2:$AL$69,F$73,FALSE)/10^7 -> 5.4841108 | G77: =VLOOKUP($B77,$B$2:$AL$69,G$73,FALSE)/10^7 -> 5.5908898 | H77: =VLOOKUP($B77,$B$2:$AL$69,H$73,FALSE)/10^7 -> 5.6625362 | I77: =H77/$H$97 -> 0.057806241 | J77: =H77/C77-1 -> 0.080203979 | K77: =H77/E77-1 -> 0.04390397
A78: 4 | B78: CANARA BANK | C78: =VLOOKUP($B78,$B$2:$AL$69,C$73,FALSE)/10^7 -> 5.3341318 | D78: =VLOOKUP($B78,$B$2:$AL$69,D$73,FALSE)/10^7 -> 5.6420528 | E78: =VLOOKUP($B78,$B$2:$AL$69,E$73,FALSE)/10^7 -> 5.7563848 | F78: =VLOOKUP($B78,$B$2:$AL$69,F$73,FALSE)/10^7 -> 5.7401577 | G78: =VLOOKUP($B78,$B$2:$AL$69,G$73,FALSE)/10^7 -> 5.8077451 | H78: =VLOOKUP($B78,$B$2:$AL$69,H$73,FALSE)/10^7 -> 5.9065159 | I78: =H78/$H$97 -> 0.060296919 | J78: =H78/C78-1 -> 0.10730595 | K78: =H78/E78-1 -> 0.026080796
A79: 5 | B79: HDFC BANK LTD | C79: =VLOOKUP($B79,$B$2:$AL$69,C$73,FALSE)/10^7 -> 5.1212603 | D79: =VLOOKUP($B79,$B$2:$AL$69,D$73,FALSE)/10^7 -> 5.2959912 | E79: =VLOOKUP($B79,$B$2:$AL$69,E$73,FALSE)/10^7 -> 5.4029646 | F79: =VLOOKUP($B79,$B$2:$AL$69,F$73,FALSE)/10^7 -> 5.591253 | G79: =VLOOKUP($B79,$B$2:$AL$69,G$73,FALSE)/10^7 -> 5.6795898 | H79: =VLOOKUP($B79,$B$2:$AL$69,H$73,FALSE)/10^7 -> 5.7889333 | I79: =H79/$H$97 -> 0.059096572 | J79: =H79/C79-1 -> 0.13037279 | K79: =H79/E79-1 -> 0.071436467
A80: 6 | B80: PUNJAB NATIONAL BANK | C80: =VLOOKUP($B80,$B$2:$AL$69,C$73,FALSE)/10^7 -> 4.1454165 | D80: =VLOOKUP($B80,$B$2:$AL$69,D$73,FALSE)/10^7 -> 4.0106166 | E80: =VLOOKUP($B80,$B$2:$AL$69,E$73,FALSE)/10^7 -> 3.9776588 | F80: =VLOOKUP($B80,$B$2:$AL$69,F$73,FALSE)/10^7 -> 4.0411045 | G80: =VLOOKUP($B80,$B$2:$AL$69,G$73,FALSE)/10^7 -> 4.0877319 | H80: =VLOOKUP($B80,$B$2:$AL$69,H$73,FALSE)/10^7 -> 4.0818142 | I80: =H80/$H$97 -> 0.041669374 | J80: =H80/C80-1 -> -0.015342801 | K80: =H80/E80-1 -> 0.026185102
A81: 7 | B81: AXIS BANK LTD | C81: =VLOOKUP($B81,$B$2:$AL$69,C$73,FALSE)/10^7 -> 3.2354482 | D81: =VLOOKUP($B81,$B$2:$AL$69,D$73,FALSE)/10^7 -> 3.372773 | E81: =VLOOKUP($B81,$B$2:$AL$69,E$73,FALSE)/10^7 -> 3.4214339 | F81: =VLOOKUP($B81,$B$2:$AL$69,F$73,FALSE)/10^7 -> 3.5813397 | G81: =VLOOKUP($B81,$B$2:$AL$69,G$73,FALSE)/10^7 -> 3.7304729 | H81: =VLOOKUP($B81,$B$2:$AL$69,H$73,FALSE)/10^7 -> 3.8956267 | I81: =H81/$H$97 -> 0.039768671 | J81: =H81/C81-1 -> 0.20404545 | K81: =H81/E81-1 -> 0.13859476
A82: 8 | B82: BANK OF INDIA | C82: =VLOOKUP($B82,$B$2:$AL$69,C$73,FALSE)/10^7 -> 4.9686011 | D82: =VLOOKUP($B82,$B$2:$AL$69,D$73,FALSE)/10^7 -> 4.8665137 | E82: =VLOOKUP($B82,$B$2:$AL$69,E$73,FALSE)/10^7 -> 4.6297797 | F82: =VLOOKUP($B82,$B$2:$AL$69,F$73,FALSE)/10^7 -> 4.4929324 | G82: =VLOOKUP($B82,$B$2:$AL$69,G$73,FALSE)/10^7 -> 4.0503878 | H82: =VLOOKUP($B82,$B$2:$AL$69,H$73,FALSE)/10^7 -> 3.9250483 | I82: =H82/$H$97 -> 0.040069022 | J82: =H82/C82-1 -> -0.2100295 | K82: =H82/E82-1 -> -0.15221705
A83: 9 | B83: KOTAK MAHINDRA BANK LTD | C83: =VLOOKUP($B83,$B$2:$AL$69,C$73,FALSE)/10^7 -> 3.0106574 | D83: =VLOOKUP($B83,$B$2:$AL$69,D$73,FALSE)/10^7 -> 3.1786794 | E83: =VLOOKUP($B83,$B$2:$AL$69,E$73,FALSE)/10^7 -> 3.3603903 | F83: =VLOOKUP($B83,$B$2:$AL$69,F$73,FALSE)/10^7 -> 3.446186 | G83: =VLOOKUP($B83,$B$2:$AL$69,G$73,FALSE)/10^7 -> 3.4536908 | H83: =VLOOKUP($B83,$B$2:$AL$69,H$73,FALSE)/10^7 -> 3.4856409 | I83: =H83/$H$97 -> 0.035583313 | J83: =H83/C83-1 -> 0.15776737 | K83: =H83/E83-1 -> 0.037272635
A84: 10 | B84: INDIAN BANK | C84: =VLOOKUP($B84,$B$2:$AL$69,C$73,FALSE)/10^7 -> 3.3122868 | D84: =VLOOKUP($B84,$B$2:$AL$69,D$73,FALSE)/10^7 -> 3.3303082 | E84: =VLOOKUP($B84,$B$2:$AL$69,E$73,FALSE)/10^7 -> 3.2243209 | F84: =VLOOKUP($B84,$B$2:$AL$69,F$73,FALSE)/10^7 -> 3.230257 | G84: =VLOOKUP($B84,$B$2:$AL$69,G$73,FALSE)/10^7 -> 3.2568181 | H84: =VLOOKUP($B84,$B$2:$AL$69,H$73,FALSE)/10^7 -> 3.2975066 | I84: =H84/$H$97 -> 0.033662736 | J84: =H84/C84-1 -> -0.0044622344 | K84: =H84/E84-1 -> 0.02269802
A85: 11 | B85: ICICI BANK LTD | C85: =VLOOKUP($B85,$B$2:$AL$69,C$73,FALSE)/10^7 -> 3.2510075 | D85: =VLOOKUP($B85,$B$2:$AL$69,D$73,FALSE)/10^7 -> 3.2501109 | E85: =VLOOKUP($B85,$B$2:$AL$69,E$73,FALSE)/10^7 -> 3.2321045 | F85: =VLOOKUP($B85,$B$2:$AL$69,F$73,FALSE)/10^7 -> 3.2215894 | G85: =VLOOKUP($B85,$B$2:$AL$69,G$73,FALSE)/10^7 -> 3.2047827 | H85: =VLOOKUP($B85,$B$2:$AL$69,H$73,FALSE)/10^7 -> 3.1734549 | I85: =H85/$H$97 -> 0.032396349 | J85: =H85/C85-1 -> -0.023854943 | K85: =H85/E85-1 -> -0.018145948
A86: 12 | B86: PAYTM PAYMENTS BANK | C86: =VLOOKUP($B86,$B$2:$AL$69,C$73,FALSE)/10^7 -> 3.2155273 | D86: =VLOOKUP($B86,$B$2:$AL$69,D$73,FALSE)/10^7 -> 3.2249647 | E86: =VLOOKUP($B86,$B$2:$AL$69,E$73,FALSE)/10^7 -> 3.2326389 | F86: =VLOOKUP($B86,$B$2:$AL$69,F$73,FALSE)/10^7 -> 3.2278975 | G86: =VLOOKUP($B86,$B$2:$AL$69,G$73,FALSE)/10^7 -> 3.0616951 | H86: =VLOOKUP($B86,$B$2:$AL$69,H$73,FALSE)/10^7 -> 3.0608105 | I86: =H86/$H$97 -> 0.031246414 | J86: =H86/C86-1 -> -0.04811553 | K86: =H86/E86-1 -> -0.05315422
... A94: 20 | B94: INDUSIND BANK LTD | C94: =VLOOKUP($B94,$B$2:$AL$69,C$73,FALSE)/10^7 -> 0.905981 | D94: =VLOOKUP($B94,$B$2:$AL$69,D$73,FALSE)/10^7 -> 0.9216472 | E94: =VLOOKUP($B94,$B$2:$AL$69,E$73,FALSE)/10^7 -> 1.0670305 | F94: =VLOOKUP($B94,$B$2:$AL$69,F$73,FALSE)/10^7 -> 1.1138295 | G94: =VLOOKUP($B94,$B$2:$AL$69,G$73,FALSE)/10^7 -> 1.1112307 | H94: =VLOOKUP($B94,$B$2:$AL$69,H$73,FALSE)/10^7 -> 1.1231571 | I94: =H94/$H$97 -> 0.011465797 | J94: =H94/C94-1 -> 0.23971375 | K94: =H94/E94-1 -> 0.052600746
B95: Top 10 Total | C95: =SUM(C75:C84) -> 69.566579 | D95: =SUM(D75:D84) -> 68.925374 | E95: =SUM(E75:E84) -> 67.450666 | F95: =SUM(F75:F84) -> 68.364342 | G95: =SUM(G75:G84) -> 68.862734 | H95: =SUM(H75:H84) -> 68.309323 | I95: =H95/$H$97 -> 0.69733862 | J95: =H95/C95-1 -> -0.018072699 | K95: =H95/E95-1 -> 0.012730141
B96: QoQ Growth % | D96: =D95/C95-1 -> -0.0092171343 | E96: =E95/D95-1 -> -0.021395717 | F96: =F95/E95-1 -> 0.013545844 | G96: =G95/F95-1 -> 0.0072902274 | H96: =H95/G95-1 -> -0.008036441
B97: Total | C97: =VLOOKUP($B97,$B$2:$AL$69,C$73,FALSE)/10^7 -> 97.305362 | D97: =VLOOKUP($B97,$B$2:$AL$69,D$73,FALSE)/10^7 -> 97.127417 | E97: =VLOOKUP($B97,$B$2:$AL$69,E$73,FALSE)/10^7 -> 95.515243 | F97: =VLOOKUP($B97,$B$2:$AL$69,F$73,FALSE)/10^7 -> 97.477386 | G97: =VLOOKUP($B97,$B$2:$AL$69,G$73,FALSE)/10^7 -> 98.571046 | H97: =VLOOKUP($B97,$B$2:$AL$69,H$73,FALSE)/10^7 -> 97.957177 | I97: =H97/$H$97 -> 1 | J97: =H97/C97-1 -> 0.0066986483
B98: QoQ Growth % | C98: =T69/W69-1 -> -0.0022574403 | D98: =D97/C97-1 -> -0.0018287317 | E98: =E97/D97-1 -> -0.016598545 | F98: =F97/E97-1 -> 0.020542724 | G98: =G97/F97-1 -> 0.011219624 | H98: =H97/G97-1 -> -0.0062276837

Sheet Summary DC (2)
B2: Sheet Name | D2: X1 | E2: X2 | F2: X3 | G2: X4 | H2: 1 | I2: =H2+1 -> 2 | J2: =I2+1 -> 3 | K2: =J2+1 -> 4 | L2: =K2+1 -> 5 | M2: =L2+1 -> 6 | N2: =M2+1 -> 7 | O2: =N2+1 -> 8 | P2: =O2+1 -> 9 | ... AR2: =AQ2+1 -> 37 | AS2: 38 | AT2: 39 | AU2: 40 | AV2: 41
B3: Months | D3: 43891 | E3: 44166 | F3: 44256 | G3: 44531 | H3: 44562 | I3: =EOMONTH(H3,1)-1 -> 44619 | J3: =EOMONTH(I3,1)-1 -> 44650 | K3: =EOMONTH(J3,1)-1 -> 44680 | L3: =EOMONTH(K3,1)-1 -> 44711 | M3: =EOMONTH(L3,1)-1 -> 44741 | N3: =EOMONTH(M3,1)-1 -> 44772 | O3: =EOMONTH(N3,1)-1 -> 44803 | P3: =EOMONTH(O3,1)-1 -> 44833 | ... AV3: =EOMONTH(AU3,1)-1 -> 45807 | AX3: FY 24 9M | AY3: FY 25 9 M | BC3: % distribution of Total
A4: Scheduled Commercial Banks | B4: STATE BANK OF INDIA | C4: =IFERROR(F4/D4-1,"") -> 0.0545754 | D4: =IFERROR(VLOOKUP($B4,'X1'!$C$3:$R$100,11,FALSE),"") -> 278133593 | E4: =IFERROR(VLOOKUP($B4,'X2'!$C$3:$T$100,13,FALSE),"") -> 294528525 | F4: =IFERROR(VLOOKUP($B4,'X3'!$C$3:$T$100,13,FALSE),"") -> 293312845 | G4: =IFERROR(VLOOKUP($B4,'X4'!$C$3:$T$100,13,FALSE),"") -> 279674559 | H4: =IFERROR(VLOOKUP(B4,'1'!$C$3:$S$100,13,FALSE),"") -> 280953089 | I4: =IFERROR(VLOOKUP(B4,'2'!$C$3:$S$100,13,FALSE),"") -> 275398132 | J4: =IFERROR(VLOOKUP($B4,INDIRECT("'" & J$2 & "'!$C$3:$R$100"),9,FALSE),"") -> 275922932 | K4: =IFERROR(VLOOKUP($B4,INDIRECT("'" & K$2 & "'!$C$3:$R$100"),9,FALSE),"") -> 279530049 | L4: =IFERROR(VLOOKUP($B4,INDIRECT("'" & L$2 & "'!$C$3:$R$100"),9,FALSE),"") -> 278381730 | M4: =IFERROR(VLOOKUP($B4,INDIRECT("'" & M$2 & "'!$C$3:$R$100"),9,FALSE),"") -> 274069731 | N4: =IFERROR(VLOOKUP($B4,INDIRECT("'" & N$2 & "'!$C$3:$R$100"),9,FALSE),"") -> 274637296 | O4: =IFERROR(VLOOKUP($B4,INDIRECT("'" & O$2 & "'!$C$3:$R$100"),9,FALSE),"") -> 277159959 | P4: =IFERROR(VLOOKUP($B4,INDIRECT("'" & P$2 & "'!$C$3:$R$100"),9,FALSE),"") -> 275397426 | Q4: =IFERROR(VLOOKUP($B4,INDIRECT("'" & Q$2 & "'!$C$3:$R$100"),9,FALSE),"") -> 277289229 | ... AV4: =IFERROR(VLOOKUP($B4,INDIRECT("'" & AV$2 & "'!$C$3:$R$100"),9,FALSE),"") -> 242521838 | AW4: =AQ4/SUM($AQ$4:$AQ$75) -> 0.24251049 | AX4: =AE4/W4-1 -> -0.17248571 | AY4: =AQ4/AI4-1 -> 0.048509875 | AZ4: =AU4/AI4-1 -> 0.0548668 | BC4: =IFERROR(AO4/#REF!,"")
A5: Scheduled Commercial Banks | B5: BANK OF BARODA | C5: =IFERROR(F5/D5-1,"") -> 0.21009614 | D5: =IFERROR(VLOOKUP($B5,'X1'!$C$3:$R$100,11,FALSE),"") -> 54044749 | E5: =IFERROR(VLOOKUP($B5,'X2'!$C$3:$T$100,13,FALSE),"") -> 63291645 | F5: =IFERROR(VLOOKUP($B5,'X3'!$C$3:$T$100,13,FALSE),"") -> 65399342 | G5: =IFERROR(VLOOKUP($B5,'X4'!$C$3:$T$100,13,FALSE),"") -> 73208996 | H5: =IFERROR(VLOOKUP(B5,'1'!$C$3:$S$100,13,FALSE),"") -> 73809630 | I5: =IFERROR(VLOOKUP(B5,'2'!$C$3:$S$100,13,FALSE),"") -> 74000676 | J5: =IFERROR(VLOOKUP($B5,INDIRECT("'" & J$2 & "'!$C$3:$R$100"),9,FALSE),"") -> 74522207 | K5: =IFERROR(VLOOKUP($B5,INDIRECT("'" & K$2 & "'!$C$3:$R$100"),9,FALSE),"") -> 75272375 | L5: =IFERROR(VLOOKUP($B5,INDIRECT("'" & L$2 & "'!$C$3:$R$100"),9,FALSE),"") -> 75630687 | M5: =IFERROR(VLOOKUP($B5,INDIRECT("'" & M$2 & "'!$C$3:$R$100"),9,FALSE),"") -> 75993816 | N5: =IFERROR(VLOOKUP($B5,INDIRECT("'" & N$2 & "'!$C$3:$R$100"),9,FALSE),"") -> 76491940 | O5: =IFERROR(VLOOKUP($B5,INDIRECT("'" & O$2 & "'!$C$3:$R$100"),9,FALSE),"") -> 76893503 | P5: =IFERROR(VLOOKUP($B5,INDIRECT("'" & P$2 & "'!$C$3:$R$100"),9,FALSE),"") -> 77708499 | Q5: =IFERROR(VLOOKUP($B5,INDIRECT("'" & Q$2 & "'!$C$3:$R$100"),9,FALSE),"") -> 78440427 | ... AU5: =IFERROR(VLOOKUP($B5,INDIRECT("'" & AU$2 & "'!$C$3:$R$100"),9,FALSE),"") -> 88476869 | AW5: =AQ5/SUM($AQ$4:$AQ$75) -> 0.088132805 | AX5: =AE5/W5-1 -> 0.12244438 | AY5: =AQ5/AI5-1 -> -0.08835779 | AZ5: =AU5/AI5-1 -> -0.076438784 | BC5: =IFERROR(AO5/#REF!,"")
A6: Scheduled Commercial Banks | B6: UNION BANK OF INDIA | C6: =IFERROR(F6/D6-1,"") -> 1.1665769 | D6: =IFERROR(VLOOKUP($B6,'X1'!$C$3:$R$100,11,FALSE),"") -> 20378661 | E6: =IFERROR(VLOOKUP($B6,'X2'!$C$3:$T$100,13,FALSE),"") -> 43607630 | F6: =IFERROR(VLOOKUP($B6,'X3'!$C$3:$T$100,13,FALSE),"") -> 44151937 | G6: =IFERROR(VLOOKUP($B6,'X4'!$C$3:$T$100,13,FALSE),"") -> 47111636 | H6: =IFERROR(VLOOKUP(B6,'1'!$C$3:$S$100,13,FALSE),"") -> 46993660 | I6: =IFERROR(VLOOKUP(B6,'2'!$C$3:$S$100,13,FALSE),"") -> 47410781 | J6: =IFERROR(VLOOKUP($B6,INDIRECT("'" & J$2 & "'!$C$3:$R$100"),9,FALSE),"") -> 47932253 | K6: =IFERROR(VLOOKUP($B6,INDIRECT("'" & K$2 & "'!$C$3:$R$100"),9,FALSE),"") -> 48242120 | L6: =IFERROR(VLOOKUP($B6,INDIRECT("'" & L$2 & "'!$C$3:$R$100"),9,FALSE),"") -> 48623903 | M6: =IFERROR(VLOOKUP($B6,INDIRECT("'" & M$2 & "'!$C$3:$R$100"),9,FALSE),"") -> 49044522 | N6: =IFERROR(VLOOKUP($B6,INDIRECT("'" & N$2 & "'!$C$3:$R$100"),9,FALSE),"") -> 49339980 | O6: =IFERROR(VLOOKUP($B6,INDIRECT("'" & O$2 & "'!$C$3:$R$100"),9,FALSE),"") -> 49647373 | P6: =IFERROR(VLOOKUP($B6,INDIRECT("'" & P$2 & "'!$C$3:$R$100"),9,FALSE),"") -> 50217508 | Q6: =IFERROR(VLOOKUP($B6,INDIRECT("'" & Q$2 & "'!$C$3:$R$100"),9,FALSE),"") -> 50324328 | ... AU6: =IFERROR(VLOOKUP($B6,INDIRECT("'" & AU$2 & "'!$C$3:$R$100"),9,FALSE),"") -> 56125507 | AW6: =AQ6/SUM($AQ$4:$AQ$75) -> 0.061127873 | AX6: =AE6/W6-1 -> 0.059708514 | AY6: =AQ6/AI6-1 -> 0.11223596 | AZ6: =AU6/AI6-1 -> 0.030545175 | BC6: =IFERROR(AO6/#REF!,"")
A7: Scheduled Commercial Banks | B7: CANARA BANK | C7: =IFERROR(F7/D7-1,"") -> 0.67758207 | D7: =IFERROR(VLOOKUP($B7,'X1'!$C$3:$R$100,11,FALSE),"") -> 24369941 | E7: =IFERROR(VLOOKUP($B7,'X2'!$C$3:$T$100,13,FALSE),"") -> 38814447 | F7: =IFERROR(VLOOKUP($B7,'X3'!$C$3:$T$100,13,FALSE),"") -> 40882576 | G7: =IFERROR(VLOOKUP($B7,'X4'!$C$3:$T$100,13,FALSE),"") -> 45505776 | H7: =IFERROR(VLOOKUP(B7,'1'!$C$3:$S$100,13,FALSE),"") -> 45777153 | I7: =IFERROR(VLOOKUP(B7,'2'!$C$3:$S$100,13,FALSE),"") -> 46172471 | J7: =IFERROR(VLOOKUP($B7,INDIRECT("'" & J$2 & "'!$C$3:$R$100"),9,FALSE),"") -> 46459485 | K7: =IFERROR(VLOOKUP($B7,INDIRECT("'" & K$2 & "'!$C$3:$R$100"),9,FALSE),"") -> 47155319 | L7: =IFERROR(VLOOKUP($B7,INDIRECT("'" & L$2 & "'!$C$3:$R$100"),9,FALSE),"") -> 46959288 | M7: =IFERROR(VLOOKUP($B7,INDIRECT("'" & M$2 & "'!$C$3:$R$100"),9,FALSE),"") -> 46100836 | N7: =IFERROR(VLOOKUP($B7,INDIRECT("'" & N$2 & "'!$C$3:$R$100"),9,FALSE),"") -> 46819589 | O7: =IFERROR(VLOOKUP($B7,INDIRECT("'" & O$2 & "'!$C$3:$R$100"),9,FALSE),"") -> 47715491 | P7: =IFERROR(VLOOKUP($B7,INDIRECT("'" & P$2 & "'!$C$3:$R$100"),9,FALSE),"") -> 48539815 | Q7: =IFERROR(VLOOKUP($B7,INDIRECT("'" & Q$2 & "'!$C$3:$R$100"),9,FALSE),"") -> 47982447 | ... AU7: =IFERROR(VLOOKUP($B7,INDIRECT("'" & AU$2 & "'!$C$3:$R$100"),9,FALSE),"") -> 60242260 | AW7: =AQ7/SUM($AQ$4:$AQ$75) -> 0.05993867 | AX7: =AE7/W7-1 -> 0.10358041 | AY7: =AQ7/AI7-1 -> 0.031772959 | AZ7: =AU7/AI7-1 -> 0.046471511 | BC7: =IFERROR(AO7/#REF!,"")
A8: Scheduled Commercial Banks | B8: HDFC BANK LTD | C8: =IFERROR(F8/D8-1,"") -> 0.14270511 | D8: =IFERROR(VLOOKUP($B8,'X1'!$C$3:$R$100,11,FALSE),"") -> 32113096 | E8: =IFERROR(VLOOKUP($B8,'X2'!$C$3:$T$100,13,FALSE),"") -> 35499961 | F8: =IFERROR(VLOOKUP($B8,'X3'!$C$3:$T$100,13,FALSE),"") -> 36695799 | G8: =IFERROR(VLOOKUP($B8,'X4'!$C$3:$T$100,13,FALSE),"") -> 41251570 | H8: =IFERROR(VLOOKUP(B8,'1'!$C$3:$S$100,13,FALSE),"") -> 41862466 | I8: =IFERROR(VLOOKUP(B8,'2'!$C$3:$S$100,13,FALSE),"") -> 42444090 | J8: =IFERROR(VLOOKUP($B8,INDIRECT("'" & J$2 & "'!$C$3:$R$100"),9,FALSE),"") -> 43041155 | K8: =IFERROR(VLOOKUP($B8,INDIRECT("'" & K$2 & "'!$C$3:$R$100"),9,FALSE),"") -> 43572256 | L8: =IFERROR(VLOOKUP($B8,INDIRECT("'" & L$2 & "'!$C$3:$R$100"),9,FALSE),"") -> 44236727 | M8: =IFERROR(VLOOKUP($B8,INDIRECT("'" & M$2 & "'!$C$3:$R$100"),9,FALSE),"") -> 45013206 | N8: =IFERROR(VLOOKUP($B8,INDIRECT("'" & N$2 & "'!$C$3:$R$100"),9,FALSE),"") -> 45803977 | O8: =IFERROR(VLOOKUP($B8,INDIRECT("'" & O$2 & "'!$C$3:$R$100"),9,FALSE),"") -> 46582533 | P8: =IFERROR(VLOOKUP($B8,INDIRECT("'" & P$2 & "'!$C$3:$R$100"),9,FALSE),"") -> 47410153 | Q8: =IFERROR(VLOOKUP($B8,INDIRECT("'" & Q$2 & "'!$C$3:$R$100"),9,FALSE),"") -> 48032697 | ... AU8: =IFERROR(VLOOKUP($B8,INDIRECT("'" & AU$2 & "'!$C$3:$R$100"),9,FALSE),"") -> 59734517 | AW8: =AQ8/SUM($AQ$4:$AQ$75) -> 0.058928703 | AX8: =AE8/W8-1 -> 0.0431202 | AY8: =AQ8/AI8-1 -> 0.054337657 | AZ8: =AU8/AI8-1 -> 0.078517757 | BC8: =IFERROR(AO8/#REF!,"")
A9: Scheduled Commercial Banks | B9: PUNJAB NATIONAL BANK | C9: =IFERROR(F9/D9-1,"") -> 0.81953244 | D9: =IFERROR(VLOOKUP($B9,'X1'!$C$3:$R$100,11,FALSE),"") -> 24403555 | E9: =IFERROR(VLOOKUP($B9,'X2'!$C$3:$T$100,13,FALSE),"") -> 43402879 | F9: =IFERROR(VLOOKUP($B9,'X3'!$C$3:$T$100,13,FALSE),"") -> 44403060 | G9: =IFERROR(VLOOKUP($B9,'X4'!$C$3:$T$100,13,FALSE),"") -> 45303071 | H9: =IFERROR(VLOOKUP(B9,'1'!$C$3:$S$100,13,FALSE),"") -> 45514858 | I9: =IFERROR(VLOOKUP(B9,'2'!$C$3:$S$100,13,FALSE),"") -> 45773453 | J9: =IFERROR(VLOOKUP($B9,INDIRECT("'" & J$2 & "'!$C$3:$R$100"),9,FALSE),"") -> 45957631 | K9: =IFERROR(VLOOKUP($B9,INDIRECT("'" & K$2 & "'!$C$3:$R$100"),9,FALSE),"") -> 45677227 | L9: =IFERROR(VLOOKUP($B9,INDIRECT("'" & L$2 & "'!$C$3:$R$100"),9,FALSE),"") -> 45920571 | M9: =IFERROR(VLOOKUP($B9,INDIRECT("'" & M$2 & "'!$C$3:$R$100"),9,FALSE),"") -> 46296504 | N9: =IFERROR(VLOOKUP($B9,INDIRECT("'" & N$2 & "'!$C$3:$R$100"),9,FALSE),"") -> 46524689 | O9: =IFERROR(VLOOKUP($B9,INDIRECT("'" & O$2 & "'!$C$3:$R$100"),9,FALSE),"") -> 45499411 | P9: =IFERROR(VLOOKUP($B9,INDIRECT("'" & P$2 & "'!$C$3:$R$100"),9,FALSE),"") -> 45758496 | Q9: =IFERROR(VLOOKUP($B9,INDIRECT("'" & Q$2 & "'!$C$3:$R$100"),9,FALSE),"") -> 45911797 | ... AU9: =IFERROR(VLOOKUP($B9,INDIRECT("'" & AU$2 & "'!$C$3:$R$100"),9,FALSE),"") -> 41396462 | AW9: =AQ9/SUM($AQ$4:$AQ$75) -> 0.041390002 | AX9: =AE9/W9-1 -> -0.021972637 | AY9: =AQ9/AI9-1 -> 0.021991025 | AZ9: =AU9/AI9-1 -> 0.031487501 | BC9: =IFERROR(AO9/#REF!,"")
A10: Scheduled Commercial Banks | B10: AXIS BANK LTD | C10: =IFERROR(F10/D10-1,"") -> -0.026859265 | D10: =IFERROR(VLOOKUP($B10,'X1'!$C$3:$R$100,11,FALSE),"") -> 24487900 | E10: =IFERROR(VLOOKUP($B10,'X2'!$C$3:$T$100,13,FALSE),"") -> 23143406 | F10: =IFERROR(VLOOKUP($B10,'X3'!$C$3:$T$100,13,FALSE),"") -> 23830173 | G10: =IFERROR(VLOOKUP($B10,'X4'!$C$3:$T$100,13,FALSE),"") -> 26733062 | H10: =IFERROR(VLOOKUP(B10,'1'!$C$3:$S$100,13,FALSE),"") -> 27077052 | I10: =IFERROR(VLOOKUP(B10,'2'!$C$3:$S$100,13,FALSE),"") -> 27314085 | J10: =IFERROR(VLOOKUP($B10,INDIRECT("'" & J$2 & "'!$C$3:$R$100"),9,FALSE),"") -> 27747647 | K10: =IFERROR(VLOOKUP($B10,INDIRECT("'" & K$2 & "'!$C$3:$R$100"),9,FALSE),"") -> 27912443 | L10: =IFERROR(VLOOKUP($B10,INDIRECT("'" & L$2 & "'!$C$3:$R$100"),9,FALSE),"") -> 28233123 | M10: =IFERROR(VLOOKUP($B10,INDIRECT("'" & M$2 & "'!$C$3:$R$100"),9,FALSE),"") -> 28729313 | N10: =IFERROR(VLOOKUP($B10,INDIRECT("'" & N$2 & "'!$C$3:$R$100"),9,FALSE),"") -> 29034253 | O10: =IFERROR(VLOOKUP($B10,INDIRECT("'" & O$2 & "'!$C$3:$R$100"),9,FALSE),"") -> 28975119 | P10: =IFERROR(VLOOKUP($B10,INDIRECT("'" & P$2 & "'!$C$3:$R$100"),9,FALSE),"") -> 28744562 | Q10: =IFERROR(VLOOKUP($B10,INDIRECT("'" & Q$2 & "'!$C$3:$R$100"),9,FALSE),"") -> 27975510 | ... AU10: =IFERROR(VLOOKUP($B10,INDIRECT("'" & AU$2 & "'!$C$3:$R$100"),9,FALSE),"") -> 39728245 | AW10: =AQ10/SUM($AQ$4:$AQ$75) -> 0.039472305 | AX10: =AE10/W10-1 -> 0.12424807 | AY10: =AQ10/AI10-1 -> 0.11346255 | AZ10: =AU10/AI10-1 -> 0.1309193 | BC10: =IFERROR(AO10/#REF!,"")
A11: Scheduled Commercial Banks | B11: BANK OF INDIA | C11: =IFERROR(F11/D11-1,"") -> 0.041060091 | D11: =IFERROR(VLOOKUP($B11,'X1'!$C$3:$R$100,11,FALSE),"") -> 40062795 | E11: =IFERROR(VLOOKUP($B11,'X2'!$C$3:$T$100,13,FALSE),"") -> 40492994 | F11: =IFERROR(VLOOKUP($B11,'X3'!$C$3:$T$100,13,FALSE),"") -> 41707777 | G11: =IFERROR(VLOOKUP($B11,'X4'!$C$3:$T$100,13,FALSE),"") -> 44211273 | H11: =IFERROR(VLOOKUP(B11,'1'!$C$3:$S$100,13,FALSE),"") -> 44500508 | I11: =IFERROR(VLOOKUP(B11,'2'!$C$3:$S$100,13,FALSE),"") -> 44639149 | J11: =IFERROR(VLOOKUP($B11,INDIRECT("'" & J$2 & "'!$C$3:$R$100"),9,FALSE),"") -> 44856938 | K11: =IFERROR(VLOOKUP($B11,INDIRECT("'" & K$2 & "'!$C$3:$R$100"),9,FALSE),"") -> 44965718 | L11: =IFERROR(VLOOKUP($B11,INDIRECT("'" & L$2 & "'!$C$3:$R$100"),9,FALSE),"") -> 45256890 | M11: =IFERROR(VLOOKUP($B11,INDIRECT("'" & M$2 & "'!$C$3:$R$100"),9,FALSE),"") -> 45402570 | N11: =IFERROR(VLOOKUP($B11,INDIRECT("'" & N$2 & "'!$C$3:$R$100"),9,FALSE),"") -> 45431685 | O11: =IFERROR(VLOOKUP($B11,INDIRECT("'" & O$2 & "'!$C$3:$R$100"),9,FALSE),"") -> 45494860 | P11: =IFERROR(VLOOKUP($B11,INDIRECT("'" & P$2 & "'!$C$3:$R$100"),9,FALSE),"") -> 45593205 | Q11: =IFERROR(VLOOKUP($B11,INDIRECT("'" & Q$2 & "'!$C$3:$R$100"),9,FALSE),"") -> 45831608 | ... AU11: =IFERROR(VLOOKUP($B11,INDIRECT("'" & AU$2 & "'!$C$3:$R$100"),9,FALSE),"") -> 37409291 | AW11: =AQ11/SUM($AQ$4:$AQ$75) -> 0.039101479 | AX11: =AE11/W11-1 -> -0.0024579687 | AY11: =AQ11/AI11-1 -> -0.14106447 | AZ11: =AU11/AI11-1 -> -0.17072998 | BC11: =IFERROR(AO11/#REF!,"")
A12: Scheduled Commercial Banks | B12: KOTAK MAHINDRA BANK LTD | C12: =IFERROR(F12/D12-1,"") -> 0.19188066 | D12: =IFERROR(VLOOKUP($B12,'X1'!$C$3:$R$100,11,FALSE),"") -> 14948333 | E12: =IFERROR(VLOOKUP($B12,'X2'!$C$3:$T$100,13,FALSE),"") -> 16785762 | F12: =IFERROR(VLOOKUP($B12,'X3'!$C$3:$T$100,13,FALSE),"") -> 17816629 | G12: =IFERROR(VLOOKUP($B12,'X4'!$C$3:$T$100,13,FALSE),"") -> 21988406 | H12: =IFERROR(VLOOKUP(B12,'1'!$C$3:$S$100,13,FALSE),"") -> 22536678 | I12: =IFERROR(VLOOKUP(B12,'2'!$C$3:$S$100,13,FALSE),"") -> 23059908 | J12: =IFERROR(VLOOKUP($B12,INDIRECT("'" & J$2 & "'!$C$3:$R$100"),9,FALSE),"") -> 23530754 | K12: =IFERROR(VLOOKUP($B12,INDIRECT("'" & K$2 & "'!$C$3:$R$100"),9,FALSE),"") -> 23883034 | L12: =IFERROR(VLOOKUP($B12,INDIRECT("'" & L$2 & "'!$C$3:$R$100"),9,FALSE),"") -> 24228289 | M12: =IFERROR(VLOOKUP($B12,INDIRECT("'" & M$2 & "'!$C$3:$R$100"),9,FALSE),"") -> 24587521 | N12: =IFERROR(VLOOKUP($B12,INDIRECT("'" & N$2 & "'!$C$3:$R$100"),9,FALSE),"") -> 24983429 | O12: =IFERROR(VLOOKUP($B12,INDIRECT("'" & O$2 & "'!$C$3:$R$100"),9,FALSE),"") -> 25526683 | P12: =IFERROR(VLOOKUP($B12,INDIRECT("'" & P$2 & "'!$C$3:$R$100"),9,FALSE),"") -> 25797993 | Q12: =IFERROR(VLOOKUP($B12,INDIRECT("'" & Q$2 & "'!$C$3:$R$100"),9,FALSE),"") -> 26089134 | ... AU12: =IFERROR(VLOOKUP($B12,INDIRECT("'" & AU$2 & "'!$C$3:$R$100"),9,FALSE),"") -> 35239467 | AW12: =AQ12/SUM($AQ$4:$AQ$75) -> 0.035011375 | AX12: =AE12/W12-1 -> 0.13150112 | AY12: =AQ12/AI12-1 -> 0.002512374 | AZ12: =AU12/AI12-1 -> 0.018260778 | BC12: =IFERROR(AO12/#REF!,"")
A13: Scheduled Commercial Banks | B13: INDIAN BANK | C13: =IFERROR(F13/D13-1,"") -> 0.71561214 | D13: =IFERROR(VLOOKUP($B13,'X1'!$C$3:$R$100,11,FALSE),"") -> 14727798 | E13: =IFERROR(VLOOKUP($B13,'X2'!$C$3:$T$100,13,FALSE),"") -> 23447077 | F13: =IFERROR(VLOOKUP($B13,'X3'!$C$3:$T$100,13,FALSE),"") -> 25267189 | G13: =IFERROR(VLOOKUP($B13,'X4'!$C$3:$T$100,13,FALSE),"") -> 26451346 | H13: =IFERROR(VLOOKUP(B13,'1'!$C$3:$S$100,13,FALSE),"") -> 26592618 | I13: =IFERROR(VLOOKUP(B13,'2'!$C$3:$S$100,13,FALSE),"") -> 26745992 | J13: =IFERROR(VLOOKUP($B13,INDIRECT("'" & J$2 & "'!$C$3:$R$100"),9,FALSE),"") -> 26961021 | K13: =IFERROR(VLOOKUP($B13,INDIRECT("'" & K$2 & "'!$C$3:$R$100"),9,FALSE),"") -> 27095159 | L13: =IFERROR(VLOOKUP($B13,INDIRECT("'" & L$2 & "'!$C$3:$R$100"),9,FALSE),"") -> 27241274 | M13: =IFERROR(VLOOKUP($B13,INDIRECT("'" & M$2 & "'!$C$3:$R$100"),9,FALSE),"") -> 27703669 | N13: =IFERROR(VLOOKUP($B13,INDIRECT("'" & N$2 & "'!$C$3:$R$100"),9,FALSE),"") -> 28168095 | O13: =IFERROR(VLOOKUP($B13,INDIRECT("'" & O$2 & "'!$C$3:$R$100"),9,FALSE),"") -> 28371703 | P13: =IFERROR(VLOOKUP($B13,INDIRECT("'" & P$2 & "'!$C$3:$R$100"),9,FALSE),"") -> 28656557 | Q13: =IFERROR(VLOOKUP($B13,INDIRECT("'" & Q$2 & "'!$C$3:$R$100"),9,FALSE),"") -> 28816092 | ... AU13: =IFERROR(VLOOKUP($B13,INDIRECT("'" & AU$2 & "'!$C$3:$R$100"),9,FALSE),"") -> 33490148 | AW13: =AQ13/SUM($AQ$4:$AQ$75) -> 0.033322383 | AX13: =AE13/W13-1 -> 0.0095639126 | AY13: =AQ13/AI13-1 -> 0.022653363 | AZ13: =AU13/AI13-1 -> 0.037190598 | BC13: =IFERROR(AO13/#REF!,"")
A14: Scheduled Commercial Banks | B14: ICICI BANK LTD | C14: =IFERROR(F14/D14-1,"") -> -0.15376796 | D14: =IFERROR(VLOOKUP($B14,'X1'!$C$3:$R$100,11,FALSE),"") -> 46088262 | E14: =IFERROR(VLOOKUP($B14,'X2'!$C$3:$T$100,13,FALSE),"") -> 45379093 | F14: =IFERROR(VLOOKUP($B14,'X3'!$C$3:$T$100,13,FALSE),"") -> 39001364 | G14: =IFERROR(VLOOKUP($B14,'X4'!$C$3:$T$100,13,FALSE),"") -> 36799120 | H14: =IFERROR(VLOOKUP(B14,'1'!$C$3:$S$100,13,FALSE),"") -> 36787344 | I14: =IFERROR(VLOOKUP(B14,'2'!$C$3:$S$100,13,FALSE),"") -> 36654493 | J14: =IFERROR(VLOOKUP($B14,INDIRECT("'" & J$2 & "'!$C$3:$R$100"),9,FALSE),"") -> 36655920 | K14: =IFERROR(VLOOKUP($B14,INDIRECT("'" & K$2 & "'!$C$3:$R$100"),9,FALSE),"") -> 36751248 | L14: =IFERROR(VLOOKUP($B14,INDIRECT("'" & L$2 & "'!$C$3:$R$100"),9,FALSE),"") -> 36983226 | M14: =IFERROR(VLOOKUP($B14,INDIRECT("'" & M$2 & "'!$C$3:$R$100"),9,FALSE),"") -> 36545077 | N14: =IFERROR(VLOOKUP($B14,INDIRECT("'" & N$2 & "'!$C$3:$R$100"),9,FALSE),"") -> 35712273 | O14: =IFERROR(VLOOKUP($B14,INDIRECT("'" & O$2 & "'!$C$3:$R$100"),9,FALSE),"") -> 35594187 | P14: =IFERROR(VLOOKUP($B14,INDIRECT("'" & P$2 & "'!$C$3:$R$100"),9,FALSE),"") -> 35633467 | Q14: =IFERROR(VLOOKUP($B14,INDIRECT("'" & Q$2 & "'!$C$3:$R$100"),9,FALSE),"") -> 35709144 | ... AU14: =IFERROR(VLOOKUP($B14,INDIRECT("'" & AU$2 & "'!$C$3:$R$100"),9,FALSE),"") -> 31797792 | AW14: =AQ14/SUM($AQ$4:$AQ$75) -> 0.032110262 | AX14: =AE14/W14-1 -> -0.0037752462 | AY14: =AQ14/AI14-1 -> -0.012327775 | AZ14: =AU14/AI14-1 -> -0.013004752 | BC14: =IFERROR(AO14/#REF!,"")
A15: Scheduled Commercial Banks | B15: PAYTM PAYMENTS BANK | C15: =IFERROR(F15/D15-1,"") -> 0.10862231 | D15: =IFERROR(VLOOKUP($B15,'X1'!$C$3:$R$100,11,FALSE),"") -> 57530813 | E15: =IFERROR(VLOOKUP($B15,'X2'!$C$3:$T$100,13,FALSE),"") -> 62270786 | F15: =IFERROR(VLOOKUP($B15,'X3'!$C$3:$T$100,13,FALSE),"") -> 63779943 | G15: =IFERROR(VLOOKUP($B15,'X4'!$C$3:$T$100,13,FALSE),"") -> 69680593 | H15: =IFERROR(VLOOKUP(B15,'1'!$C$3:$S$100,13,FALSE),"") -> 66171234 | I15: =IFERROR(VLOOKUP(B15,'2'!$C$3:$S$100,13,FALSE),"") -> 61140286 | J15: =IFERROR(VLOOKUP($B15,INDIRECT("'" & J$2 & "'!$C$3:$R$100"),9,FALSE),"") -> 36619887 | K15: =IFERROR(VLOOKUP($B15,INDIRECT("'" & K$2 & "'!$C$3:$R$100"),9,FALSE),"") -> 36856402 | L15: =IFERROR(VLOOKUP($B15,INDIRECT("'" & L$2 & "'!$C$3:$R$100"),9,FALSE),"") -> 37013451 | M15: =IFERROR(VLOOKUP($B15,INDIRECT("'" & M$2 & "'!$C$3:$R$100"),9,FALSE),"") -> 37239918 | N15: =IFERROR(VLOOKUP($B15,INDIRECT("'" & N$2 & "'!$C$3:$R$100"),9,FALSE),"") -> 38074943 | O15: =IFERROR(VLOOKUP($B15,INDIRECT("'" & O$2 & "'!$C$3:$R$100"),9,FALSE),"") -> 37559643 | P15: =IFERROR(VLOOKUP($B15,INDIRECT("'" & P$2 & "'!$C$3:$R$100"),9,FALSE),"") -> 37703540 | Q15: =IFERROR(VLOOKUP($B15,INDIRECT("'" & Q$2 & "'!$C$3:$R$100"),9,FALSE),"") -> 37800341 | ... AU15: =IFERROR(VLOOKUP($B15,INDIRECT("'" & AU$2 & "'!$C$3:$R$100"),9,FALSE),"") -> 30593306 | AW15: =AQ15/SUM($AQ$4:$AQ$75) -> 0.030884844 | AX15: =AE15/W15-1 -> -0.15041361 | AY15: =AQ15/AI15-1 -> -0.052036281 | AZ15: =AU15/AI15-1 -> -0.052407038 | BC15: =IFERROR(AO15/#REF!,"")
A16: Scheduled Commercial Banks | B16: UNITED BANK OF INDIA | D16: =IFERROR(VLOOKUP($B16,'X1'!$C$3:$R$100,11,FALSE),"") -> 9311730 | E16: =IFERROR(VLOOKUP($B16,'X2'!$C$3:$T$100,13,FALSE),"") | F16: =IFERROR(VLOOKUP($B16,'X3'!$C$3:$T$100,13,FALSE),"") | G16: =IFERROR(VLOOKUP($B16,'X4'!$C$3:$T$100,13,FALSE),"") | AZ16: =AU16/AI16-1 -> #DIV/0!
A17: Scheduled Commercial Banks | B17: SYNDICATE BANK | D17: =IFERROR(VLOOKUP($B17,'X1'!$C$3:$R$100,11,FALSE),"") -> 9871132 | E17: =IFERROR(VLOOKUP($B17,'X2'!$C$3:$T$100,13,FALSE),"") | F17: =IFERROR(VLOOKUP($B17,'X3'!$C$3:$T$100,13,FALSE),"") | G17: =IFERROR(VLOOKUP($B17,'X4'!$C$3:$T$100,13,FALSE),"") | AZ17: =AU17/AI17-1 -> #DIV/0!
A18: Scheduled Commercial Banks | B18: ORIENTAL BANK OF COMMERCE | D18: =IFERROR(VLOOKUP($B18,'X1'!$C$3:$R$100,11,FALSE),"") -> 8172952 | E18: =IFERROR(VLOOKUP($B18,'X2'!$C$3:$T$100,13,FALSE),"") | F18: =IFERROR(VLOOKUP($B18,'X3'!$C$3:$T$100,13,FALSE),"") | G18: =IFERROR(VLOOKUP($B18,'X4'!$C$3:$T$100,13,FALSE),"") | AZ18: =AU18/AI18-1 -> #DIV/0!
A19: Scheduled Commercial Banks | B19: CORPORATION BANK | D19: =IFERROR(VLOOKUP($B19,'X1'!$C$3:$R$100,11,FALSE),"") -> 8143209 | E19: =IFERROR(VLOOKUP($B19,'X2'!$C$3:$T$100,13,FALSE),"") | F19: =IFERROR(VLOOKUP($B19,'X3'!$C$3:$T$100,13,FALSE),"") | G19: =IFERROR(VLOOKUP($B19,'X4'!$C$3:$T$100,13,FALSE),"") | AZ19: =AU19/AI19-1 -> #DIV/0!
A20: Scheduled Commercial Banks | B20: ALLAHABAD BANK | D20: =IFERROR(VLOOKUP($B20,'X1'!$C$3:$R$100,11,FALSE),"") -> 6873972 | E20: =IFERROR(VLOOKUP($B20,'X2'!$C$3:$T$100,13,FALSE),"") | F20: =IFERROR(VLOOKUP($B20,'X3'!$C$3:$T$100,13,FALSE),"") | G20: =IFERROR(VLOOKUP($B20,'X4'!$C$3:$T$100,13,FALSE),"") | AZ20: =AU20/AI20-1 -> #DIV/0!
A21: Scheduled Commercial Banks | B21: ANDHRA BANK | D21: =IFERROR(VLOOKUP($B21,'X1'!$C$3:$R$100,11,FALSE),"") -> 13153572 | E21: =IFERROR(VLOOKUP($B21,'X2'!$C$3:$T$100,13,FALSE),"") | F21: =IFERROR(VLOOKUP($B21,'X3'!$C$3:$T$100,13,FALSE),"") | G21: =IFERROR(VLOOKUP($B21,'X4'!$C$3:$T$100,13,FALSE),"") | AZ21: =AU21/AI21-1 -> #DIV/0!
A22: Private Sector Banks | B22: CENTRAL BANK OF INDIA | C22: =IFERROR(F22/D22-1,"") -> 0.10162465 | D22: =IFERROR(VLOOKUP($B22,'X1'!$C$3:$R$100,11,FALSE),"") -> 24099971 | E22: =IFERROR(VLOOKUP($B22,'X2'!$C$3:$T$100,13,FALSE),"") -> 25937789 | F22: =IFERROR(VLOOKUP($B22,'X3'!$C$3:$T$100,13,FALSE),"") -> 26549122 | G22: =IFERROR(VLOOKUP($B22,'X4'!$C$3:$T$100,13,FALSE),"") -> 29251605 | H22: =IFERROR(VLOOKUP(B22,'1'!$C$3:$S$100,13,FALSE),"") -> 29603857 | I22: =IFERROR(VLOOKUP(B22,'2'!$C$3:$S$100,13,FALSE),"") -> 29913806 | J22: =IFERROR(VLOOKUP($B22,INDIRECT("'" & J$2 & "'!$C$3:$R$100"),9,FALSE),"") -> 30197222 | K22: =IFERROR(VLOOKUP($B22,INDIRECT("'" & K$2 & "'!$C$3:$R$100"),9,FALSE),"") -> 30407359 | L22: =IFERROR(VLOOKUP($B22,INDIRECT("'" & L$2 & "'!$C$3:$R$100"),9,FALSE),"") -> 28963920 | M22: =IFERROR(VLOOKUP($B22,INDIRECT("'" & M$2 & "'!$C$3:$R$100"),9,FALSE),"") -> 27038530 | N22: =IFERROR(VLOOKUP($B22,INDIRECT("'" & N$2 & "'!$C$3:$R$100"),9,FALSE),"") -> 27305718 | O22: =IFERROR(VLOOKUP($B22,INDIRECT("'" & O$2 & "'!$C$3:$R$100"),9,FALSE),"") -> 27556286 | P22: =IFERROR(VLOOKUP($B22,INDIRECT("'" & P$2 & "'!$C$3:$R$100"),9,FALSE),"") -> 27340402 | Q22: =IFERROR(VLOOKUP($B22,INDIRECT("'" & Q$2 & "'!$C$3:$R$100"),9,FALSE),"") -> 27369834 | ... AU22: =IFERROR(VLOOKUP($B22,INDIRECT("'" & AU$2 & "'!$C$3:$R$100"),9,FALSE),"") -> 27953279 | AW22: =AQ22/SUM($AQ$4:$AQ$75) -> 0.028435825 | AX22: =AE22/W22-1 -> 0.038182672 | AY22: =AQ22/AI22-1 -> -0.02914181 | AZ22: =AU22/AI22-1 -> -0.03689898 | BC22: =IFERROR(AO22/#REF!,"")
A23: Private Sector Banks | B23: INDIA POST PAYMENTS BANK | C23: =IFERROR(F23/D23-1,"") -> 37071.2 | D23: =IFERROR(VLOOKUP($B23,'X1'!$C$3:$R$100,11,FALSE),"") -> 30 | E23: =IFERROR(VLOOKUP($B23,'X2'!$C$3:$T$100,13,FALSE),"") -> 411217 | F23: =IFERROR(VLOOKUP($B23,'X3'!$C$3:$T$100,13,FALSE),"") -> 1112166 | G23: =IFERROR(VLOOKUP($B23,'X4'!$C$3:$T$100,13,FALSE),"") -> 3563334 | H23: =IFERROR(VLOOKUP(B23,'1'!$C$3:$S$100,13,FALSE),"") -> 4075835 | I23: =IFERROR(VLOOKUP(B23,'2'!$C$3:$S$100,13,FALSE),"") -> 4496253 | J23: =IFERROR(VLOOKUP($B23,INDIRECT("'" & J$2 & "'!$C$3:$R$100"),9,FALSE),"") -> 4788986 | K23: =IFERROR(VLOOKUP($B23,INDIRECT("'" & K$2 & "'!$C$3:$R$100"),9,FALSE),"") -> 5112794 | L23: =IFERROR(VLOOKUP($B23,INDIRECT("'" & L$2 & "'!$C$3:$R$100"),9,FALSE),"") -> 0 | M23: =IFERROR(VLOOKUP($B23,INDIRECT("'" & M$2 & "'!$C$3:$R$100"),9,FALSE),"") -> 0 | N23: =IFERROR(VLOOKUP($B23,INDIRECT("'" & N$2 & "'!$C$3:$R$100"),9,FALSE),"") -> 6116946 | O23: =IFERROR(VLOOKUP($B23,INDIRECT("'" & O$2 & "'!$C$3:$R$100"),9,FALSE),"") -> 6558032 | P23: =IFERROR(VLOOKUP($B23,INDIRECT("'" & P$2 & "'!$C$3:$R$100"),9,FALSE),"") -> 7037102 | Q23: =IFERROR(VLOOKUP($B23,INDIRECT("'" & Q$2 & "'!$C$3:$R$100"),9,FALSE),"") -> 7763562 | ... AU23: =IFERROR(VLOOKUP($B23,INDIRECT("'" & AU$2 & "'!$C$3:$R$100"),9,FALSE),"") -> 24875238 | AW23: =AQ23/SUM($AQ$4:$AQ$75) -> 0.022061129 | AX23: =AE23/W23-1 -> 0.35640231 | AY23: =AQ23/AI23-1 -> 0.38045794 | AZ23: =AU23/AI23-1 -> 0.5707671 | BC23: =IFERROR(AO23/#REF!,"")
A24: Private Sector Banks | B24: INDIAN OVERSEAS BANK | C24: =IFERROR(F24/D24-1,"") -> 0.071864005 | D24: =IFERROR(VLOOKUP($B24,'X1'!$C$3:$R$100,11,FALSE),"") -> 17924815 | E24: =IFERROR(VLOOKUP($B24,'X2'!$C$3:$T$100,13,FALSE),"") -> 18835561 | F24: =IFERROR(VLOOKUP($B24,'X3'!$C$3:$T$100,13,FALSE),"") -> 19212964 | G24: =IFERROR(VLOOKUP($B24,'X4'!$C$3:$T$100,13,FALSE),"") -> 20120147 | H24: =IFERROR(VLOOKUP(B24,'1'!$C$3:$S$100,13,FALSE),"") -> 20245755 | I24: =IFERROR(VLOOKUP(B24,'2'!$C$3:$S$100,13,FALSE),"") -> 20309049 | J24: =IFERROR(VLOOKUP($B24,INDIRECT("'" & J$2 & "'!$C$3:$R$100"),9,FALSE),"") -> 20508718 | K24: =IFERROR(VLOOKUP($B24,INDIRECT("'" & K$2 & "'!$C$3:$R$100"),9,FALSE),"") -> 14617281 | L24: =IFERROR(VLOOKUP($B24,INDIRECT("'" & L$2 & "'!$C$3:$R$100"),9,FALSE),"") -> 14770053 | M24: =IFERROR(VLOOKUP($B24,INDIRECT("'" & M$2 & "'!$C$3:$R$100"),9,FALSE),"") -> 14886914 | N24: =IFERROR(VLOOKUP($B24,INDIRECT("'" & N$2 & "'!$C$3:$R$100"),9,FALSE),"") -> 15101912 | O24: =IFERROR(VLOOKUP($B24,INDIRECT("'" & O$2 & "'!$C$3:$R$100"),9,FALSE),"") -> 15263223 | P24: =IFERROR(VLOOKUP($B24,INDIRECT("'" & P$2 & "'!$C$3:$R$100"),9,FALSE),"") -> 15445034 | Q24: =IFERROR(VLOOKUP($B24,INDIRECT("'" & Q$2 & "'!$C$3:$R$100"),9,FALSE),"") -> 15580464 | ... AU24: =IFERROR(VLOOKUP($B24,INDIRECT("'" & AU$2 & "'!$C$3:$R$100"),9,FALSE),"") -> 18539929 | AW24: =AQ24/SUM($AQ$4:$AQ$75) -> 0.020665526 | AX24: =AE24/W24-1 -> 0.11807302 | AY24: =AQ24/AI24-1 -> 0.11683859 | AZ24: =AU24/AI24-1 -> 0.011116323 | BC24: =IFERROR(AO24/#REF!,"")
A25: Private Sector Banks | B25: BANK OF MAHARASHTRA | C25: =IFERROR(F25/D25-1,"") -> 0.26103914 | D25: =IFERROR(VLOOKUP($B25,'X1'!$C$3:$R$100,11,FALSE),"") -> 7643666 | E25: =IFERROR(VLOOKUP($B25,'X2'!$C$3:$T$100,13,FALSE),"") -> 9027748 | F25: =IFERROR(VLOOKUP($B25,'X3'!$C$3:$T$100,13,FALSE),"") -> 9638962 | G25: =IFERROR(VLOOKUP($B25,'X4'!$C$3:$T$100,13,FALSE),"") -> 11694712 | H25: =IFERROR(VLOOKUP(B25,'1'!$C$3:$S$100,13,FALSE),"") -> 11917624 | I25: =IFERROR(VLOOKUP(B25,'2'!$C$3:$S$100,13,FALSE),"") -> 12105122 | J25: =IFERROR(VLOOKUP($B25,INDIRECT("'" & J$2 & "'!$C$3:$R$100"),9,FALSE),"") -> 12264810 | K25: =IFERROR(VLOOKUP($B25,INDIRECT("'" & K$2 & "'!$C$3:$R$100"),9,FALSE),"") -> 12382388 | L25: =IFERROR(VLOOKUP($B25,INDIRECT("'" & L$2 & "'!$C$3:$R$100"),9,FALSE),"") -> 12523886 | M25: =IFERROR(VLOOKUP($B25,INDIRECT("'" & M$2 & "'!$C$3:$R$100"),9,FALSE),"") -> 12651775 | N25: =IFERROR(VLOOKUP($B25,INDIRECT("'" & N$2 & "'!$C$3:$R$100"),9,FALSE),"") -> 12784888 | O25: =IFERROR(VLOOKUP($B25,INDIRECT("'" & O$2 & "'!$C$3:$R$100"),9,FALSE),"") -> 12915821 | P25: =IFERROR(VLOOKUP($B25,INDIRECT("'" & P$2 & "'!$C$3:$R$100"),9,FALSE),"") -> 13037906 | Q25: =IFERROR(VLOOKUP($B25,INDIRECT("'" & Q$2 & "'!$C$3:$R$100"),9,FALSE),"") -> 13155196 | ... AU25: =IFERROR(VLOOKUP($B25,INDIRECT("'" & AU$2 & "'!$C$3:$R$100"),9,FALSE),"") -> 13204010 | AW25: =AQ25/SUM($AQ$4:$AQ$75) -> 0.014151064 | AX25: =AE25/W25-1 -> 0.010424279 | AY25: =AQ25/AI25-1 -> 0.025994003 | AZ25: =AU25/AI25-1 -> -0.033925335 | BC25: =IFERROR(AO25/#REF!,"")
A26: Private Sector Banks | B26: FEDERAL BANK LTD | C26: =IFERROR(F26/D26-1,"") -> 0.11243954 | D26: =IFERROR(VLOOKUP($B26,'X1'!$C$3:$R$100,11,FALSE),"") -> 7658347 | E26: =IFERROR(VLOOKUP($B26,'X2'!$C$3:$T$100,13,FALSE),"") -> 8343549 | F26: =IFERROR(VLOOKUP($B26,'X3'!$C$3:$T$100,13,FALSE),"") -> 8519448 | G26: =IFERROR(VLOOKUP($B26,'X4'!$C$3:$T$100,13,FALSE),"") -> 9629331 | H26: =IFERROR(VLOOKUP(B26,'1'!$C$3:$S$100,13,FALSE),"") -> 9943182 | I26: =IFERROR(VLOOKUP(B26,'2'!$C$3:$S$100,13,FALSE),"") -> 10216668 | J26: =IFERROR(VLOOKUP($B26,INDIRECT("'" & J$2 & "'!$C$3:$R$100"),9,FALSE),"") -> 11129386 | K26: =IFERROR(VLOOKUP($B26,INDIRECT("'" & K$2 & "'!$C$3:$R$100"),9,FALSE),"") -> 11406240 | L26: =IFERROR(VLOOKUP($B26,INDIRECT("'" & L$2 & "'!$C$3:$R$100"),9,FALSE),"") -> 11871123 | M26: =IFERROR(VLOOKUP($B26,INDIRECT("'" & M$2 & "'!$C$3:$R$100"),9,FALSE),"") -> 12155305 | N26: =IFERROR(VLOOKUP($B26,INDIRECT("'" & N$2 & "'!$C$3:$R$100"),9,FALSE),"") -> 12437294 | O26: =IFERROR(VLOOKUP($B26,INDIRECT("'" & O$2 & "'!$C$3:$R$100"),9,FALSE),"") -> 12559380 | P26: =IFERROR(VLOOKUP($B26,INDIRECT("'" & P$2 & "'!$C$3:$R$100"),9,FALSE),"") -> 12197238 | Q26: =IFERROR(VLOOKUP($B26,INDIRECT("'" & Q$2 & "'!$C$3:$R$100"),9,FALSE),"") -> 12325632 | ... AU26: =IFERROR(VLOOKUP($B26,INDIRECT("'" & AU$2 & "'!$C$3:$R$100"),9,FALSE),"") -> 14497075 | AW26: =AQ26/SUM($AQ$4:$AQ$75) -> 0.014108101 | AX26: =AE26/W26-1 -> 0.019374943 | AY26: =AQ26/AI26-1 -> 0.024617161 | AZ26: =AU26/AI26-1 -> 0.062484417 | BC26: =IFERROR(AO26/#REF!,"")
A27: Private Sector Banks | B27: UCO BANK | C27: =IFERROR(F27/D27-1,"") -> 0.20251839 | D27: =IFERROR(VLOOKUP($B27,'X1'!$C$3:$R$100,11,FALSE),"") -> 8422524 | E27: =IFERROR(VLOOKUP($B27,'X2'!$C$3:$T$100,13,FALSE),"") -> 9715947 | F27: =IFERROR(VLOOKUP($B27,'X3'!$C$3:$T$100,13,FALSE),"") -> 10128240 | G27: =IFERROR(VLOOKUP($B27,'X4'!$C$3:$T$100,13,FALSE),"") -> 11142317 | H27: =IFERROR(VLOOKUP(B27,'1'!$C$3:$S$100,13,FALSE),"") -> 11219169 | I27: =IFERROR(VLOOKUP(B27,'2'!$C$3:$S$100,13,FALSE),"") -> 11269881 | J27: =IFERROR(VLOOKUP($B27,INDIRECT("'" & J$2 & "'!$C$3:$R$100"),9,FALSE),"") -> 11300018 | K27: =IFERROR(VLOOKUP($B27,INDIRECT("'" & K$2 & "'!$C$3:$R$100"),9,FALSE),"") -> 11370697 | L27: =IFERROR(VLOOKUP($B27,INDIRECT("'" & L$2 & "'!$C$3:$R$100"),9,FALSE),"") -> 11456060 | M27: =IFERROR(VLOOKUP($B27,INDIRECT("'" & M$2 & "'!$C$3:$R$100"),9,FALSE),"") -> 11542722 | N27: =IFERROR(VLOOKUP($B27,INDIRECT("'" & N$2 & "'!$C$3:$R$100"),9,FALSE),"") -> 11643639 | O27: =IFERROR(VLOOKUP($B27,INDIRECT("'" & O$2 & "'!$C$3:$R$100"),9,FALSE),"") -> 11753993 | P27: =IFERROR(VLOOKUP($B27,INDIRECT("'" & P$2 & "'!$C$3:$R$100"),9,FALSE),"") -> 11879159 | Q27: =IFERROR(VLOOKUP($B27,INDIRECT("'" & Q$2 & "'!$C$3:$R$100"),9,FALSE),"") -> 11942836 | ... AU27: =IFERROR(VLOOKUP($B27,INDIRECT("'" & AU$2 & "'!$C$3:$R$100"),9,FALSE),"") -> 13073450 | AW27: =AQ27/SUM($AQ$4:$AQ$75) -> 0.01256801 | AX27: =AE27/W27-1 -> 0.041547827 | AY27: =AQ27/AI27-1 -> -0.037525935 | AZ27: =AU27/AI27-1 -> 0.010326725 | BC27: =IFERROR(AO27/#REF!,"")
A28: Private Sector Banks | B28: IDBI BANK LTD | C28: =IFERROR(F28/D28-1,"") -> 0.047365178 | D28: =IFERROR(VLOOKUP($B28,'X1'!$C$3:$R$100,11,FALSE),"") -> 12640911 | E28: =IFERROR(VLOOKUP($B28,'X2'!$C$3:$T$100,13,FALSE),"") -> 13063436 | F28: =IFERROR(VLOOKUP($B28,'X3'!$C$3:$T$100,13,FALSE),"") -> 13239650 | G28: =IFERROR(VLOOKUP($B28,'X4'!$C$3:$T$100,13,FALSE),"") -> 13026821 | H28: =IFERROR(VLOOKUP(B28,'1'!$C$3:$S$100,13,FALSE),"") -> 12970895 | I28: =IFERROR(VLOOKUP(B28,'2'!$C$3:$S$100,13,FALSE),"") -> 12853677 | J28: =IFERROR(VLOOKUP($B28,INDIRECT("'" & J$2 & "'!$C$3:$R$100"),9,FALSE),"") -> 13042334 | K28: =IFERROR(VLOOKUP($B28,INDIRECT("'" & K$2 & "'!$C$3:$R$100"),9,FALSE),"") -> 12939701 | L28: =IFERROR(VLOOKUP($B28,INDIRECT("'" & L$2 & "'!$C$3:$R$100"),9,FALSE),"") -> 12779682 | M28: =IFERROR(VLOOKUP($B28,INDIRECT("'" & M$2 & "'!$C$3:$R$100"),9,FALSE),"") -> 12812177 | N28: =IFERROR(VLOOKUP($B28,INDIRECT("'" & N$2 & "'!$C$3:$R$100"),9,FALSE),"") -> 12779200 | O28: =IFERROR(VLOOKUP($B28,INDIRECT("'" & O$2 & "'!$C$3:$R$100"),9,FALSE),"") -> 12725526 | P28: =IFERROR(VLOOKUP($B28,INDIRECT("'" & P$2 & "'!$C$3:$R$100"),9,FALSE),"") -> 12507547 | Q28: =IFERROR(VLOOKUP($B28,INDIRECT("'" & Q$2 & "'!$C$3:$R$100"),9,FALSE),"") -> 12667091 | ... AU28: =IFERROR(VLOOKUP($B28,INDIRECT("'" & AU$2 & "'!$C$3:$R$100"),9,FALSE),"") -> 12209447 | AW28: =AQ28/SUM($AQ$4:$AQ$75) -> 0.012218434 | AX28: =AE28/W28-1 -> 0.025307966 | AY28: =AQ28/AI28-1 -> 0.023240852 | AZ28: =AU28/AI28-1 -> 0.031828317 | BC28: =IFERROR(AO28/#REF!,"")
A29: Private Sector Banks | B29: INDUSIND BANK LTD | C29: =IFERROR(F29/D29-1,"") -> 0.21670624 | D29: =IFERROR(VLOOKUP($B29,'X1'!$C$3:$R$100,11,FALSE),"") -> 5553541 | E29: =IFERROR(VLOOKUP($B29,'X2'!$C$3:$T$100,13,FALSE),"") -> 6370753 | F29: =IFERROR(VLOOKUP($B29,'X3'!$C$3:$T$100,13,FALSE),"") -> 6757028 | G29: =IFERROR(VLOOKUP($B29,'X4'!$C$3:$T$100,13,FALSE),"") -> 6612105 | H29: =IFERROR(VLOOKUP(B29,'1'!$C$3:$S$100,13,FALSE),"") -> 6680693 | I29: =IFERROR(VLOOKUP(B29,'2'!$C$3:$S$100,13,FALSE),"") -> 6859180 | J29: =IFERROR(VLOOKUP($B29,INDIRECT("'" & J$2 & "'!$C$3:$R$100"),9,FALSE),"") -> 6910699 | K29: =IFERROR(VLOOKUP($B29,INDIRECT("'" & K$2 & "'!$C$3:$R$100"),9,FALSE),"") -> 7067037 | L29: =IFERROR(VLOOKUP($B29,INDIRECT("'" & L$2 & "'!$C$3:$R$100"),9,FALSE),"") -> 7140280 | M29: =IFERROR(VLOOKUP($B29,INDIRECT("'" & M$2 & "'!$C$3:$R$100"),9,FALSE),"") -> 7255130 | N29: =IFERROR(VLOOKUP($B29,INDIRECT("'" & N$2 & "'!$C$3:$R$100"),9,FALSE),"") -> 7412670 | O29: =IFERROR(VLOOKUP($B29,INDIRECT("'" & O$2 & "'!$C$3:$R$100"),9,FALSE),"") -> 7543316 | P29: =IFERROR(VLOOKUP($B29,INDIRECT("'" & P$2 & "'!$C$3:$R$100"),9,FALSE),"") -> 7593333 | Q29: =IFERROR(VLOOKUP($B29,INDIRECT("'" & Q$2 & "'!$C$3:$R$100"),9,FALSE),"") -> 7708771 | ... AU29: =IFERROR(VLOOKUP($B29,INDIRECT("'" & AU$2 & "'!$C$3:$R$100"),9,FALSE),"") -> 11021249 | AW29: =AQ29/SUM($AQ$4:$AQ$75) -> 0.011158255 | AX29: =AE29/W29-1 -> 0.20246814 | AY29: =AQ29/AI29-1 -> 0.011143542 | AZ29: =AU29/AI29-1 -> 0.007851296 | BC29: =IFERROR(AO29/#REF!,"")
A30: Private Sector Banks | B30: FINO PAYMENTS BANK | C30: =IFERROR(F30/D30-1,"") -> 1.0270452 | D30: =IFERROR(VLOOKUP($B30,'X1'!$C$3:$R$100,11,FALSE),"") -> 1118167 | E30: =IFERROR(VLOOKUP($B30,'X2'!$C$3:$T$100,13,FALSE),"") -> 1911338 | F30: =IFERROR(VLOOKUP($B30,'X3'!$C$3:$T$100,13,FALSE),"") -> 2266575 | G30: =IFERROR(VLOOKUP($B30,'X4'!$C$3:$T$100,13,FALSE),"") -> 3522084 | H30: =IFERROR(VLOOKUP(B30,'1'!$C$3:$S$100,13,FALSE),"") -> 3746485 | I30: =IFERROR(VLOOKUP(B30,'2'!$C$3:$S$100,13,FALSE),"") -> 4209492 | J30: =IFERROR(VLOOKUP($B30,INDIRECT("'" & J$2 & "'!$C$3:$R$100"),9,FALSE),"") -> 4415157 | K30: =IFERROR(VLOOKUP($B30,INDIRECT("'" & K$2 & "'!$C$3:$R$100"),9,FALSE),"") -> 4588989 | L30: =IFERROR(VLOOKUP($B30,INDIRECT("'" & L$2 & "'!$C$3:$R$100"),9,FALSE),"") -> 4791704 | M30: =IFERROR(VLOOKUP($B30,INDIRECT("'" & M$2 & "'!$C$3:$R$100"),9,FALSE),"") -> 4997770 | N30: =IFERROR(VLOOKUP($B30,INDIRECT("'" & N$2 & "'!$C$3:$R$100"),9,FALSE),"") -> 4987071 | O30: =IFERROR(VLOOKUP($B30,INDIRECT("'" & O$2 & "'!$C$3:$R$100"),9,FALSE),"") -> 5159768 | P30: =IFERROR(VLOOKUP($B30,INDIRECT("'" & P$2 & "'!$C$3:$R$100"),9,FALSE),"") -> 5316570 | Q30: =IFERROR(VLOOKUP($B30,INDIRECT("'" & Q$2 & "'!$C$3:$R$100"),9,FALSE),"") -> 5482352 | ... AU30: =IFERROR(VLOOKUP($B30,INDIRECT("'" & AU$2 & "'!$C$3:$R$100"),9,FALSE),"") -> 10498755 | AW30: =AQ30/SUM($AQ$4:$AQ$75) -> 0.010127965 | AX30: =AE30/W30-1 -> 0.24190636 | AY30: =AQ30/AI30-1 -> 0.090615304 | AZ30: =AU30/AI30-1 -> 0.14087041 | BC30: =IFERROR(AO30/#REF!,"")
A31: Private Sector Banks | B31: AU SMALL FINANCE BANK LTD | C31: =IFERROR(F31/D31-1,"") -> 0.19667215 | D31: =IFERROR(VLOOKUP($B31,'X1'!$C$3:$R$100,11,FALSE),"") -> 1264358 | E31: =IFERROR(VLOOKUP($B31,'X2'!$C$3:$T$100,13,FALSE),"") -> 1433240 | F31: =IFERROR(VLOOKUP($B31,'X3'!$C$3:$T$100,13,FALSE),"") -> 1513022 | G31: =IFERROR(VLOOKUP($B31,'X4'!$C$3:$T$100,13,FALSE),"") -> 1787644 | H31: =IFERROR(VLOOKUP(B31,'1'!$C$3:$S$100,13,FALSE),"") -> 1842355 | I31: =IFERROR(VLOOKUP(B31,'2'!$C$3:$S$100,13,FALSE),"") -> 1906046 | J31: =IFERROR(VLOOKUP($B31,INDIRECT("'" & J$2 & "'!$C$3:$R$100"),9,FALSE),"") -> 1935173 | K31: =IFERROR(VLOOKUP($B31,INDIRECT("'" & K$2 & "'!$C$3:$R$100"),9,FALSE),"") -> 1992395 | L31: =IFERROR(VLOOKUP($B31,INDIRECT("'" & L$2 & "'!$C$3:$R$100"),9,FALSE),"") -> 2047753 | M31: =IFERROR(VLOOKUP($B31,INDIRECT("'" & M$2 & "'!$C$3:$R$100"),9,FALSE),"") -> 2103740 | N31: =IFERROR(VLOOKUP($B31,INDIRECT("'" & N$2 & "'!$C$3:$R$100"),9,FALSE),"") -> 2158365 | O31: =IFERROR(VLOOKUP($B31,INDIRECT("'" & O$2 & "'!$C$3:$R$100"),9,FALSE),"") -> 2207838 | P31: =IFERROR(VLOOKUP($B31,INDIRECT("'" & P$2 & "'!$C$3:$R$100"),9,FALSE),"") -> 2259742 | Q31: =IFERROR(VLOOKUP($B31,INDIRECT("'" & Q$2 & "'!$C$3:$R$100"),9,FALSE),"") -> 2273026 | ... AU31: =IFERROR(VLOOKUP($B31,INDIRECT("'" & AU$2 & "'!$C$3:$R$100"),9,FALSE),"") -> 8886059 | AW31: =AQ31/SUM($AQ$4:$AQ$75) -> 0.0089142624 | AX31: =AE31/W31-1 -> 0.14573073 | AY31: =AQ31/AI31-1 -> 0.023133389 | AZ31: =AU31/AI31-1 -> 0.029212722 | BC31: =IFERROR(AO31/#REF!,"")
A32: Private Sector Banks | B32: UJJIVAN SMALL FINANCE BANK LTD | C32: =IFERROR(F32/D32-1,"") -> 0.1686032 | D32: =IFERROR(VLOOKUP($B32,'X1'!$C$3:$R$100,11,FALSE),"") -> 5321014 | E32: =IFERROR(VLOOKUP($B32,'X2'!$C$3:$T$100,13,FALSE),"") -> 5796732 | F32: =IFERROR(VLOOKUP($B32,'X3'!$C$3:$T$100,13,FALSE),"") -> 6218154 | G32: =IFERROR(VLOOKUP($B32,'X4'!$C$3:$T$100,13,FALSE),"") -> 6860938 | H32: =IFERROR(VLOOKUP(B32,'1'!$C$3:$S$100,13,FALSE),"") -> 7020038 | I32: =IFERROR(VLOOKUP(B32,'2'!$C$3:$S$100,13,FALSE),"") -> 7119415 | J32: =IFERROR(VLOOKUP($B32,INDIRECT("'" & J$2 & "'!$C$3:$R$100"),9,FALSE),"") -> 7188300 | K32: =IFERROR(VLOOKUP($B32,INDIRECT("'" & K$2 & "'!$C$3:$R$100"),9,FALSE),"") -> 7252817 | L32: =IFERROR(VLOOKUP($B32,INDIRECT("'" & L$2 & "'!$C$3:$R$100"),9,FALSE),"") -> 7337224 | M32: =IFERROR(VLOOKUP($B32,INDIRECT("'" & M$2 & "'!$C$3:$R$100"),9,FALSE),"") -> 7418764 | N32: =IFERROR(VLOOKUP($B32,INDIRECT("'" & N$2 & "'!$C$3:$R$100"),9,FALSE),"") -> 7504016 | O32: =IFERROR(VLOOKUP($B32,INDIRECT("'" & O$2 & "'!$C$3:$R$100"),9,FALSE),"") -> 7680056 | P32: =IFERROR(VLOOKUP($B32,INDIRECT("'" & P$2 & "'!$C$3:$R$100"),9,FALSE),"") -> 7753141 | Q32: =IFERROR(VLOOKUP($B32,INDIRECT("'" & Q$2 & "'!$C$3:$R$100"),9,FALSE),"") -> 7816015 | ... AU32: =IFERROR(VLOOKUP($B32,INDIRECT("'" & AU$2 & "'!$C$3:$R$100"),9,FALSE),"") -> 7045236 | AW32: =AQ32/SUM($AQ$4:$AQ$75) -> 0.0074161183 | AX32: =AE32/W32-1 -> 0.11144742 | AY32: =AQ32/AI32-1 -> -0.29231256 | AZ32: =AU32/AI32-1 -> -0.32156305 | BC32: =IFERROR(AO32/#REF!,"")
A33: Private Sector Banks | B33: IDFC FIRST BANK LTD | C33: =IFERROR(F33/D33-1,"") -> 0.43672542 | D33: =IFERROR(VLOOKUP($B33,'X1'!$C$3:$R$100,11,FALSE),"") -> 2043451 | E33: =IFERROR(VLOOKUP($B33,'X2'!$C$3:$T$100,13,FALSE),"") -> 2666051 | F33: =IFERROR(VLOOKUP($B33,'X3'!$C$3:$T$100,13,FALSE),"") -> 2935878 | G33: =IFERROR(VLOOKUP($B33,'X4'!$C$3:$T$100,13,FALSE),"") -> 3690684 | H33: =IFERROR(VLOOKUP(B33,'1'!$C$3:$S$100,13,FALSE),"") -> 3808636 | I33: =IFERROR(VLOOKUP(B33,'2'!$C$3:$S$100,13,FALSE),"") -> 3930296 | J33: =IFERROR(VLOOKUP($B33,INDIRECT("'" & J$2 & "'!$C$3:$R$100"),9,FALSE),"") -> 4076204 | K33: =IFERROR(VLOOKUP($B33,INDIRECT("'" & K$2 & "'!$C$3:$R$100"),9,FALSE),"") -> 4183935 | L33: =IFERROR(VLOOKUP($B33,INDIRECT("'" & L$2 & "'!$C$3:$R$100"),9,FALSE),"") -> 4309591 | M33: =IFERROR(VLOOKUP($B33,INDIRECT("'" & M$2 & "'!$C$3:$R$100"),9,FALSE),"") -> 4458810 | N33: =IFERROR(VLOOKUP($B33,INDIRECT("'" & N$2 & "'!$C$3:$R$100"),9,FALSE),"") -> 4579140 | O33: =IFERROR(VLOOKUP($B33,INDIRECT("'" & O$2 & "'!$C$3:$R$100"),9,FALSE),"") -> 4785111 | P33: =IFERROR(VLOOKUP($B33,INDIRECT("'" & P$2 & "'!$C$3:$R$100"),9,FALSE),"") -> 5007516 | Q33: =IFERROR(VLOOKUP($B33,INDIRECT("'" & Q$2 & "'!$C$3:$R$100"),9,FALSE),"") -> 5220963 | ... AU33: =IFERROR(VLOOKUP($B33,INDIRECT("'" & AU$2 & "'!$C$3:$R$100"),9,FALSE),"") -> 6582906 | AW33: =AQ33/SUM($AQ$4:$AQ$75) -> 0.0067672094 | AX33: =AE33/W33-1 -> 0.061706679 | AY33: =AQ33/AI33-1 -> 0.034186535 | AZ33: =AU33/AI33-1 -> 0.015210329 | BC33: =IFERROR(AO33/#REF!,"")
... A42: Private Sector Banks | B42: JANA SMALL FINANCE BANK LTD | C42: =IFERROR(F42/D42-1,"") -> 0.43484485 | D42: =IFERROR(VLOOKUP($B42,'X1'!$C$3:$R$100,11,FALSE),"") -> 1378310 | E42: =IFERROR(VLOOKUP($B42,'X2'!$C$3:$T$100,13,FALSE),"") -> 1714329 | F42: =IFERROR(VLOOKUP($B42,'X3'!$C$3:$T$100,13,FALSE),"") -> 1977661 | G42: =IFERROR(VLOOKUP($B42,'X4'!$C$3:$T$100,13,FALSE),"") -> 2242797 | H42: =IFERROR(VLOOKUP(B42,'1'!$C$3:$S$100,13,FALSE),"") -> 2270700 | I42: =IFERROR(VLOOKUP(B42,'2'!$C$3:$S$100,13,FALSE),"") -> 2305319 | J42: =IFERROR(VLOOKUP($B42,INDIRECT("'" & J$2 & "'!$C$3:$R$100"),9,FALSE),"") -> 2345835 | K42: =IFERROR(VLOOKUP($B42,INDIRECT("'" & K$2 & "'!$C$3:$R$100"),9,FALSE),"") -> 2373395 | L42: =IFERROR(VLOOKUP($B42,INDIRECT("'" & L$2 & "'!$C$3:$R$100"),9,FALSE),"") -> 2406319 | M42: =IFERROR(VLOOKUP($B42,INDIRECT("'" & M$2 & "'!$C$3:$R$100"),9,FALSE),"") -> 2438818 | N42: =IFERROR(VLOOKUP($B42,INDIRECT("'" & N$2 & "'!$C$3:$R$100"),9,FALSE),"") -> 2472660 | O42: =IFERROR(VLOOKUP($B42,INDIRECT("'" & O$2 & "'!$C$3:$R$100"),9,FALSE),"") -> 2507403 | P42: =IFERROR(VLOOKUP($B42,INDIRECT("'" & P$2 & "'!$C$3:$R$100"),9,FALSE),"") -> 2539700 | Q42: =IFERROR(VLOOKUP($B42,INDIRECT("'" & Q$2 & "'!$C$3:$R$100"),9,FALSE),"") -> 2563349 | ... AU42: =IFERROR(VLOOKUP($B42,INDIRECT("'" & AU$2 & "'!$C$3:$R$100"),9,FALSE),"") -> 3876707 | AW42: =AQ42/SUM($AQ$4:$AQ$75) -> 0.0036866594 | AX42: =AE42/W42-1 -> 0.10511952 | AY42: =AQ42/AI42-1 -> 0.10302691 | AZ42: =AU42/AI42-1 -> 0.17048318 | BC42: =IFERROR(AO42/#REF!,"")
A43: Private Sector Banks | B43: THE LAXMI VILAS BANK LTD | D43: =IFERROR(VLOOKUP($B43,'X1'!$C$3:$R$100,11,FALSE),"") -> 1396924 | E43: =IFERROR(VLOOKUP($B43,'X2'!$C$3:$T$100,13,FALSE),"") -> 1495425 | F43: =IFERROR(VLOOKUP($B43,'X3'!$C$3:$T$100,13,FALSE),"") -> 1232878 | G43: =IFERROR(VLOOKUP($B43,'X4'!$C$3:$T$100,13,FALSE),"") | AZ43: =AU43/AI43-1 -> #DIV/0!
A44: Foreign Banks | B44: PUNJAB AND SIND BANK | C44: =IFERROR(F44/D44-1,"") -> 0.1607026 | D44: =IFERROR(VLOOKUP($B44,'X1'!$C$3:$R$100,11,FALSE),"") -> 2755251 | E44: =IFERROR(VLOOKUP($B44,'X2'!$C$3:$T$100,13,FALSE),"") -> 3081119 | F44: =IFERROR(VLOOKUP($B44,'X3'!$C$3:$T$100,13,FALSE),"") -> 3198027 | G44: =IFERROR(VLOOKUP($B44,'X4'!$C$3:$T$100,13,FALSE),"") -> 3405719 | H44: =IFERROR(VLOOKUP(B44,'1'!$C$3:$S$100,13,FALSE),"") -> 3464325 | I44: =IFERROR(VLOOKUP(B44,'2'!$C$3:$S$100,13,FALSE),"") -> 3501046 | J44: =IFERROR(VLOOKUP($B44,INDIRECT("'" & J$2 & "'!$C$3:$R$100"),9,FALSE),"") -> 3546410 | K44: =IFERROR(VLOOKUP($B44,INDIRECT("'" & K$2 & "'!$C$3:$R$100"),9,FALSE),"") -> 3583157 | L44: =IFERROR(VLOOKUP($B44,INDIRECT("'" & L$2 & "'!$C$3:$R$100"),9,FALSE),"") -> 3500716 | M44: =IFERROR(VLOOKUP($B44,INDIRECT("'" & M$2 & "'!$C$3:$R$100"),9,FALSE),"") -> 3517700 | N44: =IFERROR(VLOOKUP($B44,INDIRECT("'" & N$2 & "'!$C$3:$R$100"),9,FALSE),"") -> 3525744 | O44: =IFERROR(VLOOKUP($B44,INDIRECT("'" & O$2 & "'!$C$3:$R$100"),9,FALSE),"") -> 3540893 | P44: =IFERROR(VLOOKUP($B44,INDIRECT("'" & P$2 & "'!$C$3:$R$100"),9,FALSE),"") -> 3562651 | Q44: =IFERROR(VLOOKUP($B44,INDIRECT("'" & Q$2 & "'!$C$3:$R$100"),9,FALSE),"") -> 3579375 | ... AU44: =IFERROR(VLOOKUP($B44,INDIRECT("'" & AU$2 & "'!$C$3:$R$100"),9,FALSE),"") -> 3542230 | AW44: =AQ44/SUM($AQ$4:$AQ$75) -> 0.0035127381 | AX44: =AE44/W44-1 -> 0.075537856 | AY44: =AQ44/AI44-1 -> -0.10789228 | AZ44: =AU44/AI44-1 -> -0.092184917 | BC44: =IFERROR(AO44/#REF!,"")
A45: Foreign Banks | B45: CITY UNION BANK LTD. | C45: =IFERROR(F45/D45-1,"") -> 0.14029372 | D45: =IFERROR(VLOOKUP($B45,'X1'!$C$3:$R$100,11,FALSE),"") -> 2027703 | E45: =IFERROR(VLOOKUP($B45,'X2'!$C$3:$T$100,13,FALSE),"") -> 2244067 | F45: =IFERROR(VLOOKUP($B45,'X3'!$C$3:$T$100,13,FALSE),"") -> 2312177 | G45: =IFERROR(VLOOKUP($B45,'X4'!$C$3:$T$100,13,FALSE),"") -> 2385725 | H45: =IFERROR(VLOOKUP(B45,'1'!$C$3:$S$100,13,FALSE),"") -> 2395402 | I45: =IFERROR(VLOOKUP(B45,'2'!$C$3:$S$100,13,FALSE),"") -> 2408889 | J45: =IFERROR(VLOOKUP($B45,INDIRECT("'" & J$2 & "'!$C$3:$R$100"),9,FALSE),"") -> 2579284 | K45: =IFERROR(VLOOKUP($B45,INDIRECT("'" & K$2 & "'!$C$3:$R$100"),9,FALSE),"") -> 2617303 | L45: =IFERROR(VLOOKUP($B45,INDIRECT("'" & L$2 & "'!$C$3:$R$100"),9,FALSE),"") -> 2613007 | M45: =IFERROR(VLOOKUP($B45,INDIRECT("'" & M$2 & "'!$C$3:$R$100"),9,FALSE),"") -> 2621852 | N45: =IFERROR(VLOOKUP($B45,INDIRECT("'" & N$2 & "'!$C$3:$R$100"),9,FALSE),"") -> 2623101 | O45: =IFERROR(VLOOKUP($B45,INDIRECT("'" & O$2 & "'!$C$3:$R$100"),9,FALSE),"") -> 2622921 | P45: =IFERROR(VLOOKUP($B45,INDIRECT("'" & P$2 & "'!$C$3:$R$100"),9,FALSE),"") -> 2651655 | Q45: =IFERROR(VLOOKUP($B45,INDIRECT("'" & Q$2 & "'!$C$3:$R$100"),9,FALSE),"") -> 2660153 | ... AU45: =IFERROR(VLOOKUP($B45,INDIRECT("'" & AU$2 & "'!$C$3:$R$100"),9,FALSE),"") -> 3125993 | AW45: =AQ45/SUM($AQ$4:$AQ$75) -> 0.0029909035 | AX45: =AE45/W45-1 -> -0.011491628 | AY45: =AQ45/AI45-1 -> 0.065640611 | AZ45: =AU45/AI45-1 -> 0.12394607 | BC45: =IFERROR(AO45/#REF!,"")
A46: Foreign Banks | B46: TAMILNAD MERCANTILE BANK LTD | C46: =IFERROR(F46/D46-1,"") -> 0.084343468 | D46: =IFERROR(VLOOKUP($B46,'X1'!$C$3:$R$100,11,FALSE),"") -> 1774186 | E46: =IFERROR(VLOOKUP($B46,'X2'!$C$3:$T$100,13,FALSE),"") -> 1880046 | F46: =IFERROR(VLOOKUP($B46,'X3'!$C$3:$T$100,13,FALSE),"") -> 1923827 | G46: =IFERROR(VLOOKUP($B46,'X4'!$C$3:$T$100,13,FALSE),"") -> 2004889 | H46: =IFERROR(VLOOKUP(B46,'1'!$C$3:$S$100,13,FALSE),"") -> 2019719 | I46: =IFERROR(VLOOKUP(B46,'2'!$C$3:$S$100,13,FALSE),"") -> 2037529 | J46: =IFERROR(VLOOKUP($B46,INDIRECT("'" & J$2 & "'!$C$3:$R$100"),9,FALSE),"") -> 2051730 | K46: =IFERROR(VLOOKUP($B46,INDIRECT("'" & K$2 & "'!$C$3:$R$100"),9,FALSE),"") -> 2066200 | L46: =IFERROR(VLOOKUP($B46,INDIRECT("'" & L$2 & "'!$C$3:$R$100"),9,FALSE),"") -> 2079096 | M46: =IFERROR(VLOOKUP($B46,INDIRECT("'" & M$2 & "'!$C$3:$R$100"),9,FALSE),"") -> 2089014 | N46: =IFERROR(VLOOKUP($B46,INDIRECT("'" & N$2 & "'!$C$3:$R$100"),9,FALSE),"") -> 2105557 | O46: =IFERROR(VLOOKUP($B46,INDIRECT("'" & O$2 & "'!$C$3:$R$100"),9,FALSE),"") -> 2105582 | P46: =IFERROR(VLOOKUP($B46,INDIRECT("'" & P$2 & "'!$C$3:$R$100"),9,FALSE),"") -> 2124906 | Q46: =IFERROR(VLOOKUP($B46,INDIRECT("'" & Q$2 & "'!$C$3:$R$100"),9,FALSE),"") -> 2135215 | ... AU46: =IFERROR(VLOOKUP($B46,INDIRECT("'" & AU$2 & "'!$C$3:$R$100"),9,FALSE),"") -> 2462409 | AW46: =AQ46/SUM($AQ$4:$AQ$75) -> 0.0024058799 | AX46: =AE46/W46-1 -> 0.032618424 | AY46: =AQ46/AI46-1 -> 0.035489628 | AZ46: =AU46/AI46-1 -> 0.069500793 | BC46: =IFERROR(AO46/#REF!,"")
A47: Foreign Banks | B47: DBS INDIA BANK LTD | C47: =IFERROR(F47/D47-1,"") -> -0.26920076 | D47: =IFERROR(VLOOKUP($B47,'X1'!$C$3:$R$100,11,FALSE),"") -> 1471374 | E47: =IFERROR(VLOOKUP($B47,'X2'!$C$3:$T$100,13,FALSE),"") -> 1035460 | F47: =IFERROR(VLOOKUP($B47,'X3'!$C$3:$T$100,13,FALSE),"") -> 1075279 | G47: =IFERROR(VLOOKUP($B47,'X4'!$C$3:$T$100,13,FALSE),"") -> 2295413 | H47: =IFERROR(VLOOKUP(B47,'1'!$C$3:$S$100,13,FALSE),"") -> 2186306 | I47: =IFERROR(VLOOKUP(B47,'2'!$C$3:$S$100,13,FALSE),"") -> 2148957 | J47: =IFERROR(VLOOKUP($B47,INDIRECT("'" & J$2 & "'!$C$3:$R$100"),9,FALSE),"") -> 2125772 | K47: =IFERROR(VLOOKUP($B47,INDIRECT("'" & K$2 & "'!$C$3:$R$100"),9,FALSE),"") -> 2115415 | L47: =IFERROR(VLOOKUP($B47,INDIRECT("'" & L$2 & "'!$C$3:$R$100"),9,FALSE),"") -> 2104736 | M47: =IFERROR(VLOOKUP($B47,INDIRECT("'" & M$2 & "'!$C$3:$R$100"),9,FALSE),"") -> 2060166 | N47: =IFERROR(VLOOKUP($B47,INDIRECT("'" & N$2 & "'!$C$3:$R$100"),9,FALSE),"") -> 2038403 | O47: =IFERROR(VLOOKUP($B47,INDIRECT("'" & O$2 & "'!$C$3:$R$100"),9,FALSE),"") -> 1977414 | P47: =IFERROR(VLOOKUP($B47,INDIRECT("'" & P$2 & "'!$C$3:$R$100"),9,FALSE),"") -> 1964920 | Q47: =IFERROR(VLOOKUP($B47,INDIRECT("'" & Q$2 & "'!$C$3:$R$100"),9,FALSE),"") -> 1948884 | ... AU47: =IFERROR(VLOOKUP($B47,INDIRECT("'" & AU$2 & "'!$C$3:$R$100"),9,FALSE),"") -> 1639710 | AW47: =AQ47/SUM($AQ$4:$AQ$75) -> 0.0017550032 | AX47: =AE47/W47-1 -> 0.074625252 | AY47: =AQ47/AI47-1 -> -0.13985365 | AZ47: =AU47/AI47-1 -> -0.18901916 | BC47: =IFERROR(AO47/#REF!,"")
A48: Foreign Banks | B48: UTKARSH SMALL FINANCE BANK LTD | C48: =IFERROR(F48/D48-1,"") -> 1.0227489 | D48: =IFERROR(VLOOKUP($B48,'X1'!$C$3:$R$100,11,FALSE),"") -> 407712 | E48: =IFERROR(VLOOKUP($B48,'X2'!$C$3:$T$100,13,FALSE),"") -> 615630 | F48: =IFERROR(VLOOKUP($B48,'X3'!$C$3:$T$100,13,FALSE),"") -> 824699 | G48: =IFERROR(VLOOKUP($B48,'X4'!$C$3:$T$100,13,FALSE),"") -> 1125309 | H48: =IFERROR(VLOOKUP(B48,'1'!$C$3:$S$100,13,FALSE),"") -> 1182870 | I48: =IFERROR(VLOOKUP(B48,'2'!$C$3:$S$100,13,FALSE),"") -> 1247523 | J48: =IFERROR(VLOOKUP($B48,INDIRECT("'" & J$2 & "'!$C$3:$R$100"),9,FALSE),"") -> 1322048 | K48: =IFERROR(VLOOKUP($B48,INDIRECT("'" & K$2 & "'!$C$3:$R$100"),9,FALSE),"") -> 1322048 | L48: =IFERROR(VLOOKUP($B48,INDIRECT("'" & L$2 & "'!$C$3:$R$100"),9,FALSE),"") -> 1367149 | M48: =IFERROR(VLOOKUP($B48,INDIRECT("'" & M$2 & "'!$C$3:$R$100"),9,FALSE),"") -> 1392937 | N48: =IFERROR(VLOOKUP($B48,INDIRECT("'" & N$2 & "'!$C$3:$R$100"),9,FALSE),"") -> 1406809 | O48: =IFERROR(VLOOKUP($B48,INDIRECT("'" & O$2 & "'!$C$3:$R$100"),9,FALSE),"") -> 1422606 | P48: =IFERROR(VLOOKUP($B48,INDIRECT("'" & P$2 & "'!$C$3:$R$100"),9,FALSE),"") -> 1436759 | Q48: =IFERROR(VLOOKUP($B48,INDIRECT("'" & Q$2 & "'!$C$3:$R$100"),9,FALSE),"") -> 1448595 | ... AU48: =IFERROR(VLOOKUP($B48,INDIRECT("'" & AU$2 & "'!$C$3:$R$100"),9,FALSE),"") -> 1701280 | AW48: =AQ48/SUM($AQ$4:$AQ$75) -> 0.0017043941 | AX48: =AE48/W48-1 -> 0.12203303 | AY48: =AQ48/AI48-1 -> -0.10919327 | AZ48: =AU48/AI48-1 -> -0.10269853 | BC48: =IFERROR(AO48/#REF!,"")
A49: Foreign Banks | B49: RBL BANK LTD | C49: =IFERROR(F49/D49-1,"") -> 0.3033314 | D49: =IFERROR(VLOOKUP($B49,'X1'!$C$3:$R$100,11,FALSE),"") -> 960827 | E49: =IFERROR(VLOOKUP($B49,'X2'!$C$3:$T$100,13,FALSE),"") -> 1177055 | F49: =IFERROR(VLOOKUP($B49,'X3'!$C$3:$T$100,13,FALSE),"") -> 1252276 | G49: =IFERROR(VLOOKUP($B49,'X4'!$C$3:$T$100,13,FALSE),"") -> 1238900 | H49: =IFERROR(VLOOKUP(B49,'1'!$C$3:$S$100,13,FALSE),"") -> 1262814 | I49: =IFERROR(VLOOKUP(B49,'2'!$C$3:$S$100,13,FALSE),"") -> 1282191 | J49: =IFERROR(VLOOKUP($B49,INDIRECT("'" & J$2 & "'!$C$3:$R$100"),9,FALSE),"") -> 1308583 | K49: =IFERROR(VLOOKUP($B49,INDIRECT("'" & K$2 & "'!$C$3:$R$100"),9,FALSE),"") -> 1333257 | L49: =IFERROR(VLOOKUP($B49,INDIRECT("'" & L$2 & "'!$C$3:$R$100"),9,FALSE),"") -> 1356091 | M49: =IFERROR(VLOOKUP($B49,INDIRECT("'" & M$2 & "'!$C$3:$R$100"),9,FALSE),"") -> 1383312 | N49: =IFERROR(VLOOKUP($B49,INDIRECT("'" & N$2 & "'!$C$3:$R$100"),9,FALSE),"") -> 1404224 | O49: =IFERROR(VLOOKUP($B49,INDIRECT("'" & O$2 & "'!$C$3:$R$100"),9,FALSE),"") -> 1432029 | P49: =IFERROR(VLOOKUP($B49,INDIRECT("'" & P$2 & "'!$C$3:$R$100"),9,FALSE),"") -> 1459654 | Q49: =IFERROR(VLOOKUP($B49,INDIRECT("'" & Q$2 & "'!$C$3:$R$100"),9,FALSE),"") -> 1484226 | ... AU49: =IFERROR(VLOOKUP($B49,INDIRECT("'" & AU$2 & "'!$C$3:$R$100"),9,FALSE),"") -> 1666544 | AW49: =AQ49/SUM($AQ$4:$AQ$75) -> 0.0016254717 | AX49: =AE49/W49-1 -> -0.11421129 | AY49: =AQ49/AI49-1 -> 0.079049758 | AZ49: =AU49/AI49-1 -> 0.1164209 | BC49: =IFERROR(AO49/#REF!,"")
A50: Foreign Banks | B50: EQUITAS SMALL FINANCE BANK LTD | C50: =IFERROR(F50/D50-1,"") -> 0.73718713 | D50: =IFERROR(VLOOKUP($B50,'X1'!$C$3:$R$100,11,FALSE),"") -> 670439 | E50: =IFERROR(VLOOKUP($B50,'X2'!$C$3:$T$100,13,FALSE),"") -> 1019263 | F50: =IFERROR(VLOOKUP($B50,'X3'!$C$3:$T$100,13,FALSE),"") -> 1164678 | G50: =IFERROR(VLOOKUP($B50,'X4'!$C$3:$T$100,13,FALSE),"") -> 2779959 | H50: =IFERROR(VLOOKUP(B50,'1'!$C$3:$S$100,13,FALSE),"") -> 3003452 | I50: =IFERROR(VLOOKUP(B50,'2'!$C$3:$S$100,13,FALSE),"") -> 3149521 | J50: =IFERROR(VLOOKUP($B50,INDIRECT("'" & J$2 & "'!$C$3:$R$100"),9,FALSE),"") -> 3293094 | K50: =IFERROR(VLOOKUP($B50,INDIRECT("'" & K$2 & "'!$C$3:$R$100"),9,FALSE),"") -> 3350678 | L50: =IFERROR(VLOOKUP($B50,INDIRECT("'" & L$2 & "'!$C$3:$R$100"),9,FALSE),"") -> 3526852 | M50: =IFERROR(VLOOKUP($B50,INDIRECT("'" & M$2 & "'!$C$3:$R$100"),9,FALSE),"") -> 3603362 | N50: =IFERROR(VLOOKUP($B50,INDIRECT("'" & N$2 & "'!$C$3:$R$100"),9,FALSE),"") -> 3741667 | O50: =IFERROR(VLOOKUP($B50,INDIRECT("'" & O$2 & "'!$C$3:$R$100"),9,FALSE),"") -> 3855299 | P50: =IFERROR(VLOOKUP($B50,INDIRECT("'" & P$2 & "'!$C$3:$R$100"),9,FALSE),"") -> 3524974 | Q50: =IFERROR(VLOOKUP($B50,INDIRECT("'" & Q$2 & "'!$C$3:$R$100"),9,FALSE),"") -> 3150936 | ... AU50: =IFERROR(VLOOKUP($B50,INDIRECT("'" & AU$2 & "'!$C$3:$R$100"),9,FALSE),"") -> 1319588 | AW50: =AQ50/SUM($AQ$4:$AQ$75) -> 0.0014365253 | AX50: =AE50/W50-1 -> -0.37589823 | AY50: =AQ50/AI50-1 -> -0.22616085 | AZ50: =AU50/AI50-1 -> -0.28266029 | BC50: =IFERROR(AO50/#REF!,"")
A51: Foreign Banks | B51: NSDL PAYMENTS BANK | C51: =IFERROR(F51/D51-1,"") -> 48.775704 | D51: =IFERROR(VLOOKUP($B51,'X1'!$C$3:$R$100,11,FALSE),"") -> 2733 | E51: =IFERROR(VLOOKUP($B51,'X2'!$C$3:$T$100,13,FALSE),"") -> 110112 | F51: =IFERROR(VLOOKUP($B51,'X3'!$C$3:$T$100,13,FALSE),"") -> 136037 | G51: =IFERROR(VLOOKUP($B51,'X4'!$C$3:$T$100,13,FALSE),"") -> 273176 | H51: =IFERROR(VLOOKUP(B51,'1'!$C$3:$S$100,13,FALSE),"") -> 300006 | I51: =IFERROR(VLOOKUP(B51,'2'!$C$3:$S$100,13,FALSE),"") -> 321939 | J51: =IFERROR(VLOOKUP($B51,INDIRECT("'" & J$2 & "'!$C$3:$R$100"),9,FALSE),"") -> 334371 | K51: =IFERROR(VLOOKUP($B51,INDIRECT("'" & K$2 & "'!$C$3:$R$100"),9,FALSE),"") -> 349949 | L51: =IFERROR(VLOOKUP($B51,INDIRECT("'" & L$2 & "'!$C$3:$R$100"),9,FALSE),"") -> 369029 | M51: =IFERROR(VLOOKUP($B51,INDIRECT("'" & M$2 & "'!$C$3:$R$100"),9,FALSE),"") -> 375333 | N51: =IFERROR(VLOOKUP($B51,INDIRECT("'" & N$2 & "'!$C$3:$R$100"),9,FALSE),"") -> 387176 | O51: =IFERROR(VLOOKUP($B51,INDIRECT("'" & O$2 & "'!$C$3:$R$100"),9,FALSE),"") -> 397854 | P51: =IFERROR(VLOOKUP($B51,INDIRECT("'" & P$2 & "'!$C$3:$R$100"),9,FALSE),"") -> 410584 | Q51: =IFERROR(VLOOKUP($B51,INDIRECT("'" & Q$2 & "'!$C$3:$R$100"),9,FALSE),"") -> 427761 | ... AU51: =IFERROR(VLOOKUP($B51,INDIRECT("'" & AU$2 & "'!$C$3:$R$100"),9,FALSE),"") -> 736461 | AW51: =AQ51/SUM($AQ$4:$AQ$75) -> 0.0013628404 | AX51: =AE51/W51-1 -> 0.25295949 | AY51: =AQ51/AI51-1 -> 0.36104392 | AZ51: =AU51/AI51-1 -> -0.25779134 | BC51: =IFERROR(AO51/#REF!,"")
A52: Foreign Banks | B52: STANDARD CHARTERED BANK LTD | C52: =IFERROR(F52/D52-1,"") -> 0.053008703 | D52: =IFERROR(VLOOKUP($B52,'X1'!$C$3:$R$100,11,FALSE),"") -> 981669 | E52: =IFERROR(VLOOKUP($B52,'X2'!$C$3:$T$100,13,FALSE),"") -> 1009902 | F52: =IFERROR(VLOOKUP($B52,'X3'!$C$3:$T$100,13,FALSE),"") -> 1033706 | G52: =IFERROR(VLOOKUP($B52,'X4'!$C$3:$T$100,13,FALSE),"") -> 1103168 | H52: =IFERROR(VLOOKUP(B52,'1'!$C$3:$S$100,13,FALSE),"") -> 1115128 | I52: =IFERROR(VLOOKUP(B52,'2'!$C$3:$S$100,13,FALSE),"") -> 1117243 | J52: =IFERROR(VLOOKUP($B52,INDIRECT("'" & J$2 & "'!$C$3:$R$100"),9,FALSE),"") -> 1113075 | K52: =IFERROR(VLOOKUP($B52,INDIRECT("'" & K$2 & "'!$C$3:$R$100"),9,FALSE),"") -> 1118569 | L52: =IFERROR(VLOOKUP($B52,INDIRECT("'" & L$2 & "'!$C$3:$R$100"),9,FALSE),"") -> 1121344 | M52: =IFERROR(VLOOKUP($B52,INDIRECT("'" & M$2 & "'!$C$3:$R$100"),9,FALSE),"") -> 1124313 | N52: =IFERROR(VLOOKUP($B52,INDIRECT("'" & N$2 & "'!$C$3:$R$100"),9,FALSE),"") -> 1166145 | O52: =IFERROR(VLOOKUP($B52,INDIRECT("'" & O$2 & "'!$C$3:$R$100"),9,FALSE),"") -> 1167038 | P52: =IFERROR(VLOOKUP($B52,INDIRECT("'" & P$2 & "'!$C$3:$R$100"),9,FALSE),"") -> 1189948 | Q52: =IFERROR(VLOOKUP($B52,INDIRECT("'" & Q$2 & "'!$C$3:$R$100"),9,FALSE),"") -> 1171636 | ... AU52: =IFERROR(VLOOKUP($B52,INDIRECT("'" & AU$2 & "'!$C$3:$R$100"),9,FALSE),"") -> 929370 | AW52: =AQ52/SUM($AQ$4:$AQ$75) -> 0.0010392169 | AX52: =AE52/W52-1 -> -0.046407865 | AY52: =AQ52/AI52-1 -> -0.048508238 | AZ52: =AU52/AI52-1 -> -0.14130966 | BC52: =IFERROR(AO52/#REF!,"")
A53: Foreign Banks | B53: CSB BANK LTD. | C53: =IFERROR(F53/D53-1,"") -> 0.10583921 | D53: =IFERROR(VLOOKUP($B53,'X1'!$C$3:$R$100,11,FALSE),"") -> 694837 | E53: =IFERROR(VLOOKUP($B53,'X2'!$C$3:$T$100,13,FALSE),"") -> 771240 | F53: =IFERROR(VLOOKUP($B53,'X3'!$C$3:$T$100,13,FALSE),"") -> 768378 | G53: =IFERROR(VLOOKUP($B53,'X4'!$C$3:$T$100,13,FALSE),"") -> 805794 | H53: =IFERROR(VLOOKUP(B53,'1'!$C$3:$S$100,13,FALSE),"") -> 806221 | I53: =IFERROR(VLOOKUP(B53,'2'!$C$3:$S$100,13,FALSE),"") -> 807277 | J53: =IFERROR(VLOOKUP($B53,INDIRECT("'" & J$2 & "'!$C$3:$R$100"),9,FALSE),"") -> 804171 | K53: =IFERROR(VLOOKUP($B53,INDIRECT("'" & K$2 & "'!$C$3:$R$100"),9,FALSE),"") | L53: =IFERROR(VLOOKUP($B53,INDIRECT("'" & L$2 & "'!$C$3:$R$100"),9,FALSE),"") -> 815718 | M53: =IFERROR(VLOOKUP($B53,INDIRECT("'" & M$2 & "'!$C$3:$R$100"),9,FALSE),"") -> 822990 | N53: =IFERROR(VLOOKUP($B53,INDIRECT("'" & N$2 & "'!$C$3:$R$100"),9,FALSE),"") -> 833519 | O53: =IFERROR(VLOOKUP($B53,INDIRECT("'" & O$2 & "'!$C$3:$R$100"),9,FALSE),"") -> 831219 | P53: =IFERROR(VLOOKUP($B53,INDIRECT("'" & P$2 & "'!$C$3:$R$100"),9,FALSE),"") -> 837083 | Q53: =IFERROR(VLOOKUP($B53,INDIRECT("'" & Q$2 & "'!$C$3:$R$100"),9,FALSE),"") -> 845416 | ... AU53: =IFERROR(VLOOKUP($B53,INDIRECT("'" & AU$2 & "'!$C$3:$R$100"),9,FALSE),"") -> 925902 | AW53: =AQ53/SUM($AQ$4:$AQ$75) -> 0.00091499347 | AX53: =AE53/W53-1 -> 0.0020573512 | AY53: =AQ53/AI53-1 -> 0.038694837 | AZ53: =AU53/AI53-1 -> 0.060679342 | BC53: =IFERROR(AO53/#REF!,"")
A54: Foreign Banks | B54: HSBC LTD | C54: =IFERROR(F54/D54-1,"") -> 0.0019082941 | D54: =IFERROR(VLOOKUP($B54,'X1'!$C$3:$R$100,11,FALSE),"") -> 482630 | E54: =IFERROR(VLOOKUP($B54,'X2'!$C$3:$T$100,13,FALSE),"") -> 478119 | F54: =IFERROR(VLOOKUP($B54,'X3'!$C$3:$T$100,13,FALSE),"") -> 483551 | G54: =IFERROR(VLOOKUP($B54,'X4'!$C$3:$T$100,13,FALSE),"") -> 498289 | H54: =IFERROR(VLOOKUP(B54,'1'!$C$3:$S$100,13,FALSE),"") -> 505815 | I54: =IFERROR(VLOOKUP(B54,'2'!$C$3:$S$100,13,FALSE),"") -> 511987 | J54: =IFERROR(VLOOKUP($B54,INDIRECT("'" & J$2 & "'!$C$3:$R$100"),9,FALSE),"") -> 515764 | K54: =IFERROR(VLOOKUP($B54,INDIRECT("'" & K$2 & "'!$C$3:$R$100"),9,FALSE),"") -> 517950 | L54: =IFERROR(VLOOKUP($B54,INDIRECT("'" & L$2 & "'!$C$3:$R$100"),9,FALSE),"") -> 522803 | M54: =IFERROR(VLOOKUP($B54,INDIRECT("'" & M$2 & "'!$C$3:$R$100"),9,FALSE),"") -> 523995 | N54: =IFERROR(VLOOKUP($B54,INDIRECT("'" & N$2 & "'!$C$3:$R$100"),9,FALSE),"") -> 530747 | O54: =IFERROR(VLOOKUP($B54,INDIRECT("'" & O$2 & "'!$C$3:$R$100"),9,FALSE),"") -> 537794 | P54: =IFERROR(VLOOKUP($B54,INDIRECT("'" & P$2 & "'!$C$3:$R$100"),9,FALSE),"") -> 542818 | Q54: =IFERROR(VLOOKUP($B54,INDIRECT("'" & Q$2 & "'!$C$3:$R$100"),9,FALSE),"") -> 554698 | ... AU54: =IFERROR(VLOOKUP($B54,INDIRECT("'" & AU$2 & "'!$C$3:$R$100"),9,FALSE),"") -> 801910 | AW54: =AQ54/SUM($AQ$4:$AQ$75) -> 0.0008503251 | AX54: =AE54/W54-1 -> 0.16919996 | AY54: =AQ54/AI54-1 -> 0.14608493 | AZ54: =AU54/AI54-1 -> 0.090703093 | BC54: =IFERROR(AO54/#REF!,"")
A55: Foreign Banks | B55: SURYODAY SMALL FINANCE BANK LTD | C55: =IFERROR(F55/D55-1,"") -> 3.482123 | D55: =IFERROR(VLOOKUP($B55,'X1'!$C$3:$R$100,11,FALSE),"") -> 54092 | E55: =IFERROR(VLOOKUP($B55,'X2'!$C$3:$T$100,13,FALSE),"") -> 160028 | F55: =IFERROR(VLOOKUP($B55,'X3'!$C$3:$T$100,13,FALSE),"") -> 242447 | G55: =IFERROR(VLOOKUP($B55,'X4'!$C$3:$T$100,13,FALSE),"") -> 378017 | H55: =IFERROR(VLOOKUP(B55,'1'!$C$3:$S$100,13,FALSE),"") -> 390526 | I55: =IFERROR(VLOOKUP(B55,'2'!$C$3:$S$100,13,FALSE),"") -> 404428 | J55: =IFERROR(VLOOKUP($B55,INDIRECT("'" & J$2 & "'!$C$3:$R$100"),9,FALSE),"") -> 413877 | K55: =IFERROR(VLOOKUP($B55,INDIRECT("'" & K$2 & "'!$C$3:$R$100"),9,FALSE),"") -> 426261 | L55: =IFERROR(VLOOKUP($B55,INDIRECT("'" & L$2 & "'!$C$3:$R$100"),9,FALSE),"") -> 439503 | M55: =IFERROR(VLOOKUP($B55,INDIRECT("'" & M$2 & "'!$C$3:$R$100"),9,FALSE),"") -> 472353 | N55: =IFERROR(VLOOKUP($B55,INDIRECT("'" & N$2 & "'!$C$3:$R$100"),9,FALSE),"") -> 495938 | O55: =IFERROR(VLOOKUP($B55,INDIRECT("'" & O$2 & "'!$C$3:$R$100"),9,FALSE),"") -> 501612 | P55: =IFERROR(VLOOKUP($B55,INDIRECT("'" & P$2 & "'!$C$3:$R$100"),9,FALSE),"") -> 541740 | Q55: =IFERROR(VLOOKUP($B55,INDIRECT("'" & Q$2 & "'!$C$3:$R$100"),9,FALSE),"") -> 557836 | ... AU55: =IFERROR(VLOOKUP($B55,INDIRECT("'" & AU$2 & "'!$C$3:$R$100"),9,FALSE),"") -> 862049 | AW55: =AQ55/SUM($AQ$4:$AQ$75) -> 0.00083651004 | AX55: =AE55/W55-1 -> 0.25658858 | AY55: =AQ55/AI55-1 -> 0.12488974 | AZ55: =AU55/AI55-1 -> 0.1698222 | BC55: =IFERROR(AO55/#REF!,"")
... A71: Small Finance Banks | B71: KOOKMIN BANK | C71: =IFERROR(F71/D71-1,"") | D71: =IFERROR(VLOOKUP($B71,'X1'!$C$3:$R$100,11,FALSE),"") | E71: =IFERROR(VLOOKUP($B71,'X2'!$C$3:$T$100,13,FALSE),"") | F71: =IFERROR(VLOOKUP($B71,'X3'!$C$3:$T$100,13,FALSE),"") | G71: =IFERROR(VLOOKUP($B71,'X4'!$C$3:$T$100,13,FALSE),"") | H71: =IFERROR(VLOOKUP(B71,'1'!$C$3:$S$100,13,FALSE),"") | I71: =IFERROR(VLOOKUP(B71,'2'!$C$3:$S$100,13,FALSE),"") | J71: =IFERROR(VLOOKUP($B71,INDIRECT("'" & J$2 & "'!$C$3:$R$100"),9,FALSE),"") | K71: =IFERROR(VLOOKUP($B71,INDIRECT("'" & K$2 & "'!$C$3:$R$100"),9,FALSE),"") | L71: =IFERROR(VLOOKUP($B71,INDIRECT("'" & L$2 & "'!$C$3:$R$100"),9,FALSE),"") | M71: =IFERROR(VLOOKUP($B71,INDIRECT("'" & M$2 & "'!$C$3:$R$100"),9,FALSE),"") | N71: =IFERROR(VLOOKUP($B71,INDIRECT("'" & N$2 & "'!$C$3:$R$100"),9,FALSE),"") | O71: =IFERROR(VLOOKUP($B71,INDIRECT("'" & O$2 & "'!$C$3:$R$100"),9,FALSE),"") | P71: =IFERROR(VLOOKUP($B71,INDIRECT("'" & P$2 & "'!$C$3:$R$100"),9,FALSE),"") | Q71: =IFERROR(VLOOKUP($B71,INDIRECT("'" & Q$2 & "'!$C$3:$R$100"),9,FALSE),"") | ... AU71: =IFERROR(VLOOKUP($B71,INDIRECT("'" & AU$2 & "'!$C$3:$R$100"),9,FALSE),"") -> 549 | AW71: =AQ71/SUM($AQ$4:$AQ$75) -> 4.8539376e-07 | AX71: =AE71/W71-1 -> #VALUE! | AY71: =AQ71/AI71-1 -> 0.26912929 | AZ71: =AU71/AI71-1 -> 0.44854881 | BC71: =IFERROR(AO71/#REF!,"")
A72: Small Finance Banks | B72: FINCARE SMALL FINANCE BANK LIMITED | C72: =IFERROR(F72/D72-1,"") -> -0.053907971 | D72: =IFERROR(VLOOKUP($B72,'X1'!$C$3:$R$100,11,FALSE),"") -> 2769442 | E72: =IFERROR(VLOOKUP($B72,'X2'!$C$3:$T$100,13,FALSE),"") -> 2491588 | F72: =IFERROR(VLOOKUP($B72,'X3'!$C$3:$T$100,13,FALSE),"") -> 2620147 | G72: =IFERROR(VLOOKUP($B72,'X4'!$C$3:$T$100,13,FALSE),"") -> 3032073 | H72: =IFERROR(VLOOKUP(B72,'1'!$C$3:$S$100,13,FALSE),0) -> 3123063 | I72: =IFERROR(VLOOKUP(H72,'1'!$C$3:$S$100,13,FALSE),0) -> 0 | J72: =IFERROR(VLOOKUP(I72,'1'!$C$3:$S$100,13,FALSE),0) -> 0 | K72: =IFERROR(VLOOKUP(J72,'1'!$C$3:$S$100,13,FALSE),0) -> 0 | L72: =IFERROR(VLOOKUP(K72,'1'!$C$3:$S$100,13,FALSE),0) -> 0 | M72: =IFERROR(VLOOKUP(L72,'1'!$C$3:$S$100,13,FALSE),0) -> 0 | N72: =IFERROR(VLOOKUP(M72,'1'!$C$3:$S$100,13,FALSE),0) -> 0 | O72: =IFERROR(VLOOKUP(N72,'1'!$C$3:$S$100,13,FALSE),0) -> 0 | P72: =IFERROR(VLOOKUP(O72,'1'!$C$3:$S$100,13,FALSE),0) -> 0 | ... AU72: =IFERROR(VLOOKUP(AT72,'1'!$C$3:$S$100,13,FALSE),0) -> 0 | AW72: =AQ72/SUM($AQ$4:$AQ$75) -> 0 | AX72: =AE72/W72-1 -> #DIV/0! | AY72: =AQ72/AI72-1 -> #DIV/0! | AZ72: =AU72/AI72-1 -> #DIV/0! | BC72: =IFERROR(AO72/#REF!,"")
A73: Small Finance Banks | B73: AMERICAN EXPRESS BANKING CORPORATION | C73: =IFERROR(F73/D73-1,"") | D73: =IFERROR(VLOOKUP($B73,'X1'!$C$3:$R$100,11,FALSE),"") -> 0 | E73: =IFERROR(VLOOKUP($B73,'X2'!$C$3:$T$100,13,FALSE),"") -> 0 | F73: =IFERROR(VLOOKUP($B73,'X3'!$C$3:$T$100,13,FALSE),"") -> 0 | G73: =IFERROR(VLOOKUP($B73,'X4'!$C$3:$T$100,13,FALSE),"") -> 0 | H73: =IFERROR(VLOOKUP(B73,'1'!$C$3:$S$100,13,FALSE),"") -> 0 | I73: =IFERROR(VLOOKUP(B73,'2'!$C$3:$S$100,13,FALSE),"") -> 0 | J73: =IFERROR(VLOOKUP($B73,INDIRECT("'" & J$2 & "'!$C$3:$R$100"),9,FALSE),"") -> 0 | K73: =IFERROR(VLOOKUP($B73,INDIRECT("'" & K$2 & "'!$C$3:$R$100"),9,FALSE),"") -> 0 | L73: =IFERROR(VLOOKUP($B73,INDIRECT("'" & L$2 & "'!$C$3:$R$100"),9,FALSE),"") -> 0 | M73: =IFERROR(VLOOKUP($B73,INDIRECT("'" & M$2 & "'!$C$3:$R$100"),9,FALSE),"") -> 0 | N73: =IFERROR(VLOOKUP($B73,INDIRECT("'" & N$2 & "'!$C$3:$R$100"),9,FALSE),"") -> 0 | O73: =IFERROR(VLOOKUP($B73,INDIRECT("'" & O$2 & "'!$C$3:$R$100"),9,FALSE),"") -> 0 | P73: =IFERROR(VLOOKUP($B73,INDIRECT("'" & P$2 & "'!$C$3:$R$100"),9,FALSE),"") -> 0 | Q73: =IFERROR(VLOOKUP($B73,INDIRECT("'" & Q$2 & "'!$C$3:$R$100"),9,FALSE),"") -> 0 | ... AU73: =IFERROR(VLOOKUP($B73,INDIRECT("'" & AU$2 & "'!$C$3:$R$100"),9,FALSE),"") -> 0 | AW73: =AQ73/SUM($AQ$4:$AQ$75) -> 0 | AX73: =AE73/W73-1 -> #DIV/0! | AY73: =AQ73/AI73-1 -> #DIV/0! | AZ73: =AU73/AI73-1 -> #DIV/0! | BC73: =IFERROR(AO73/#REF!,"")
A74: Small Finance Banks | B74: BANK OF AMERICA | C74: =IFERROR(F74/D74-1,"") | D74: =IFERROR(VLOOKUP($B74,'X1'!$C$3:$R$100,11,FALSE),"") -> 0 | E74: =IFERROR(VLOOKUP($B74,'X2'!$C$3:$T$100,13,FALSE),"") -> 0 | F74: =IFERROR(VLOOKUP($B74,'X3'!$C$3:$T$100,13,FALSE),"") -> 0 | G74: =IFERROR(VLOOKUP($B74,'X4'!$C$3:$T$100,13,FALSE),"") -> 0 | H74: =IFERROR(VLOOKUP(B74,'1'!$C$3:$S$100,13,FALSE),"") -> 0 | I74: =IFERROR(VLOOKUP(B74,'2'!$C$3:$S$100,13,FALSE),"") -> 0 | J74: =IFERROR(VLOOKUP($B74,INDIRECT("'" & J$2 & "'!$C$3:$R$100"),9,FALSE),"") -> 0 | K74: =IFERROR(VLOOKUP($B74,INDIRECT("'" & K$2 & "'!$C$3:$R$100"),9,FALSE),"") -> 0 | L74: =IFERROR(VLOOKUP($B74,INDIRECT("'" & L$2 & "'!$C$3:$R$100"),9,FALSE),"") -> 0 | M74: =IFERROR(VLOOKUP($B74,INDIRECT("'" & M$2 & "'!$C$3:$R$100"),9,FALSE),"") -> 0 | N74: =IFERROR(VLOOKUP($B74,INDIRECT("'" & N$2 & "'!$C$3:$R$100"),9,FALSE),"") -> 0 | O74: =IFERROR(VLOOKUP($B74,INDIRECT("'" & O$2 & "'!$C$3:$R$100"),9,FALSE),"") -> 0 | P74: =IFERROR(VLOOKUP($B74,INDIRECT("'" & P$2 & "'!$C$3:$R$100"),9,FALSE),"") -> 0 | Q74: =IFERROR(VLOOKUP($B74,INDIRECT("'" & Q$2 & "'!$C$3:$R$100"),9,FALSE),"") -> 0 | ... AU74: =IFERROR(VLOOKUP($B74,INDIRECT("'" & AU$2 & "'!$C$3:$R$100"),9,FALSE),"") -> 0 | AW74: =AQ74/SUM($AQ$4:$AQ$75) -> 0 | AX74: =AE74/W74-1 -> #DIV/0! | AY74: =AQ74/AI74-1 -> #DIV/0! | AZ74: =AU74/AI74-1 -> #DIV/0! | BC74: =IFERROR(AO74/#REF!,"")
A75: Small Finance Banks | B75: CITI BANK | C75: =IFERROR(F75/D75-1,"") -> -0.023463717 | D75: =IFERROR(VLOOKUP($B75,'X1'!$C$3:$R$100,11,FALSE),"") -> 1695554 | E75: =IFERROR(VLOOKUP($B75,'X2'!$C$3:$T$100,13,FALSE),"") -> 1664775 | F75: =IFERROR(VLOOKUP($B75,'X3'!$C$3:$T$100,13,FALSE),"") -> 1655770 | G75: =IFERROR(VLOOKUP($B75,'X4'!$C$3:$T$100,13,FALSE),"") -> 1573571 | H75: =IFERROR(VLOOKUP(B75,'1'!$C$3:$S$100,13,FALSE),"") -> 1454747 | I75: =IFERROR(VLOOKUP(B75,'2'!$C$3:$S$100,13,FALSE),"") -> 1444035 | J75: =IFERROR(VLOOKUP($B75,INDIRECT("'" & J$2 & "'!$C$3:$R$100"),9,FALSE),"") -> 1432288 | K75: =IFERROR(VLOOKUP($B75,INDIRECT("'" & K$2 & "'!$C$3:$R$100"),9,FALSE),"") -> 1424091 | L75: =IFERROR(VLOOKUP($B75,INDIRECT("'" & L$2 & "'!$C$3:$R$100"),9,FALSE),"") -> 1343391 | M75: =IFERROR(VLOOKUP($B75,INDIRECT("'" & M$2 & "'!$C$3:$R$100"),9,FALSE),"") -> 1337043 | N75: =IFERROR(VLOOKUP($B75,INDIRECT("'" & N$2 & "'!$C$3:$R$100"),9,FALSE),"") -> 1333354 | O75: =IFERROR(VLOOKUP($B75,INDIRECT("'" & O$2 & "'!$C$3:$R$100"),9,FALSE),"") -> 1331815 | P75: =IFERROR(VLOOKUP($B75,INDIRECT("'" & P$2 & "'!$C$3:$R$100"),9,FALSE),"") -> 1319374 | Q75: =IFERROR(VLOOKUP($B75,INDIRECT("'" & Q$2 & "'!$C$3:$R$100"),9,FALSE),"") -> 1317002 | ... AU75: =IFERROR(VLOOKUP($B75,INDIRECT("'" & AU$2 & "'!$C$3:$R$100"),9,FALSE),"") -> 0 | AW75: =AQ75/SUM($AQ$4:$AQ$75) -> 0 | AX75: =AE75/W75-1 -> #DIV/0! | AY75: =AQ75/AI75-1 -> #DIV/0! | AZ75: =AU75/AI75-1 -> #DIV/0! | BC75: =IFERROR(AO75/#REF!,"")
B76: Total | D76: =SUM(D4:D75) -> 828561639 | E76: =SUM(E4:E75) -> 885659754 | F76: =SUM(F4:F75) -> 898201796 | G76: =SUM(G4:G75) -> 937741694 | H76: =SUM(H4:H75) -> 940928583 | I76: =SUM(I4:I75) -> 931848434 | J76: =SUM(J4:J75) -> 914350747 | K76: =SUM(K4:K75) -> 916306086 | ... AU76: =SUM(AU4:AU75) -> 995983731 | AZ76: =AU76/AI76-1 -> 0.027406652
H80: 21 | I80: =H80+3 -> 24 | J80: =I80+3 -> 27 | K80: =J80+3 -> 30 | L80: =K80+3 -> 33 | M80: =L80+3 -> 36
A81: S. No | B81: Debit Card Outstanding (Crores) | H81: 45170 | I81: 45261 | J81: 45352 | K81: 45444 | L81: 45536 | M81: 45627 | N81: % Total as of Dec 24 | O81: 18M Growth %
A82: 1 | B82: STATE BANK OF INDIA | H82: =VLOOKUP($B82,$B$2:$AQ$76,H$80,FALSE)/10^7 -> 27.390364 | I82: =VLOOKUP($B82,$B$2:$AQ$76,I$80,FALSE)/10^7 -> 26.926864 | J82: =VLOOKUP($B82,$B$2:$AQ$76,J$80,FALSE)/10^7 -> 25.792328 | K82: =VLOOKUP($B82,$B$2:$AQ$76,K$80,FALSE)/10^7 -> 22.646739 | L82: =VLOOKUP($B82,$B$2:$AQ$76,L$80,FALSE)/10^7 -> 22.868331 | M82: =VLOOKUP($B82,$B$2:$AQ$76,M$80,FALSE)/10^7 -> 23.203402 | N82: =M82/$M$104 -> 0.23683945 | O82: =M82/H82-1 -> -0.15286259 | P82: =M82/J82-1 -> -0.10037583
A83: 2 | B83: BANK OF BARODA | H83: =VLOOKUP($B83,$B$2:$AQ$76,H$80,FALSE)/10^7 -> 8.2585036 | I83: =VLOOKUP($B83,$B$2:$AQ$76,I$80,FALSE)/10^7 -> 8.5726395 | J83: =VLOOKUP($B83,$B$2:$AQ$76,J$80,FALSE)/10^7 -> 9.1480844 | K83: =VLOOKUP($B83,$B$2:$AQ$76,K$80,FALSE)/10^7 -> 9.3535911 | L83: =VLOOKUP($B83,$B$2:$AQ$76,L$80,FALSE)/10^7 -> 9.5411796 | M83: =VLOOKUP($B83,$B$2:$AQ$76,M$80,FALSE)/10^7 -> 9.6681921 | N83: =M83/$M$104 -> 0.098684207 | O83: =M83/H83-1 -> 0.17069539 | P83: =M83/J83-1 -> 0.056854274
A84: 3 | B84: UNION BANK OF INDIA | H84: =VLOOKUP($B84,$B$2:$AQ$76,H$80,FALSE)/10^7 -> 5.0134669 | I84: =VLOOKUP($B84,$B$2:$AQ$76,I$80,FALSE)/10^7 -> 5.1486043 | J84: =VLOOKUP($B84,$B$2:$AQ$76,J$80,FALSE)/10^7 -> 5.3029563 | K84: =VLOOKUP($B84,$B$2:$AQ$76,K$80,FALSE)/10^7 -> 5.4004328 | L84: =VLOOKUP($B84,$B$2:$AQ$76,L$80,FALSE)/10^7 -> 5.4364252 | M84: =VLOOKUP($B84,$B$2:$AQ$76,M$80,FALSE)/10^7 -> 5.5157257 | N84: =M84/$M$104 -> 0.056299566 | O84: =M84/H84-1 -> 0.10018193 | P84: =M84/J84-1 -> 0.04012279
A85: 4 | B85: CANARA BANK | H85: =VLOOKUP($B85,$B$2:$AQ$76,H$80,FALSE)/10^7 -> 5.1324626 | I85: =VLOOKUP($B85,$B$2:$AQ$76,I$80,FALSE)/10^7 -> 5.2478964 | J85: =VLOOKUP($B85,$B$2:$AQ$76,J$80,FALSE)/10^7 -> 5.4222425 | K85: =VLOOKUP($B85,$B$2:$AQ$76,K$80,FALSE)/10^7 -> 5.7060996 | L85: =VLOOKUP($B85,$B$2:$AQ$76,L$80,FALSE)/10^7 -> 5.738596 | M85: =VLOOKUP($B85,$B$2:$AQ$76,M$80,FALSE)/10^7 -> 5.7401698 | N85: =M85/$M$104 -> 0.058590489 | O85: =M85/H85-1 -> 0.1184046 | P85: =M85/J85-1 -> 0.058633914
A86: 5 | B86: HDFC BANK LTD | H86: =VLOOKUP($B86,$B$2:$AQ$76,H$80,FALSE)/10^7 -> 5.074486 | I86: =VLOOKUP($B86,$B$2:$AQ$76,I$80,FALSE)/10^7 -> 5.1038405 | J86: =VLOOKUP($B86,$B$2:$AQ$76,J$80,FALSE)/10^7 -> 5.1919168 | K86: =VLOOKUP($B86,$B$2:$AQ$76,K$80,FALSE)/10^7 -> 5.3330797 | L86: =VLOOKUP($B86,$B$2:$AQ$76,L$80,FALSE)/10^7 -> 5.4675099 | M86: =VLOOKUP($B86,$B$2:$AQ$76,M$80,FALSE)/10^7 -> 5.6396005 | N86: =M86/$M$104 -> 0.057563968 | O86: =M86/H86-1 -> 0.11136389 | P86: =M86/J86-1 -> 0.086227056
A87: 6 | B87: PUNJAB NATIONAL BANK | H87: =VLOOKUP($B87,$B$2:$AQ$76,H$80,FALSE)/10^7 -> 4.0691768 | I87: =VLOOKUP($B87,$B$2:$AQ$76,I$80,FALSE)/10^7 -> 4.1690011 | J87: =VLOOKUP($B87,$B$2:$AQ$76,J$80,FALSE)/10^7 -> 4.061467 | K87: =VLOOKUP($B87,$B$2:$AQ$76,K$80,FALSE)/10^7 -> 4.0290692 | L87: =VLOOKUP($B87,$B$2:$AQ$76,L$80,FALSE)/10^7 -> 4.008099 | M87: =VLOOKUP($B87,$B$2:$AQ$76,M$80,FALSE)/10^7 -> 4.0564087 | N87: =M87/$M$104 -> 0.041404171 | O87: =M87/H87-1 -> -0.00313776 | P87: =M87/J87-1 -> -0.0012454367
A88: 7 | B88: AXIS BANK LTD | H88: =VLOOKUP($B88,$B$2:$AQ$76,H$80,FALSE)/10^7 -> 3.0241706 | I88: =VLOOKUP($B88,$B$2:$AQ$76,I$80,FALSE)/10^7 -> 3.1603498 | J88: =VLOOKUP($B88,$B$2:$AQ$76,J$80,FALSE)/10^7 -> 3.1631497 | K88: =VLOOKUP($B88,$B$2:$AQ$76,K$80,FALSE)/10^7 -> 3.4454156 | L88: =VLOOKUP($B88,$B$2:$AQ$76,L$80,FALSE)/10^7 -> 3.4648678 | M88: =VLOOKUP($B88,$B$2:$AQ$76,M$80,FALSE)/10^7 -> 3.6163344 | N88: =M88/$M$104 -> 0.036912288 | O88: =M88/H88-1 -> 0.19581032 | P88: =M88/J88-1 -> 0.14327008
A89: 8 | B89: BANK OF INDIA | H89: =VLOOKUP($B89,$B$2:$AQ$76,H$80,FALSE)/10^7 -> 4.7125002 | I89: =VLOOKUP($B89,$B$2:$AQ$76,I$80,FALSE)/10^7 -> 4.9233971 | J89: =VLOOKUP($B89,$B$2:$AQ$76,J$80,FALSE)/10^7 -> 4.9643403 | K89: =VLOOKUP($B89,$B$2:$AQ$76,K$80,FALSE)/10^7 -> 4.705512 | L89: =VLOOKUP($B89,$B$2:$AQ$76,L$80,FALSE)/10^7 -> 4.5315703 | M89: =VLOOKUP($B89,$B$2:$AQ$76,M$80,FALSE)/10^7 -> 4.4779517 | N89: =M89/$M$104 -> 0.045706902 | O89: =M89/H89-1 -> -0.049771563 | P89: =M89/J89-1 -> -0.097976482
A90: 9 | B90: KOTAK MAHINDRA BANK LTD | H90: =VLOOKUP($B90,$B$2:$AQ$76,H$80,FALSE)/10^7 -> 2.8291903 | I90: =VLOOKUP($B90,$B$2:$AQ$76,I$80,FALSE)/10^7 -> 2.940766 | J90: =VLOOKUP($B90,$B$2:$AQ$76,J$80,FALSE)/10^7 -> 3.0641864 | K90: =VLOOKUP($B90,$B$2:$AQ$76,K$80,FALSE)/10^7 -> 3.2424605 | L90: =VLOOKUP($B90,$B$2:$AQ$76,L$80,FALSE)/10^7 -> 3.4269936 | M90: =VLOOKUP($B90,$B$2:$AQ$76,M$80,FALSE)/10^7 -> 3.4427656 | N90: =M90/$M$104 -> 0.035140654 | O90: =M90/H90-1 -> 0.21687311 | P90: =M90/J90-1 -> 0.12354966
A91: 10 | B91: INDIAN BANK | H91: =VLOOKUP($B91,$B$2:$AQ$76,H$80,FALSE)/10^7 -> 3.1414438 | I91: =VLOOKUP($B91,$B$2:$AQ$76,I$80,FALSE)/10^7 -> 3.2286911 | J91: =VLOOKUP($B91,$B$2:$AQ$76,J$80,FALSE)/10^7 -> 3.3151076 | K91: =VLOOKUP($B91,$B$2:$AQ$76,K$80,FALSE)/10^7 -> 3.2155601 | L91: =VLOOKUP($B91,$B$2:$AQ$76,L$80,FALSE)/10^7 -> 3.2269734 | M91: =VLOOKUP($B91,$B$2:$AQ$76,M$80,FALSE)/10^7 -> 3.2356053 | N91: =M91/$M$104 -> 0.033026148 | O91: =M91/H91-1 -> 0.029973957 | P91: =M91/J91-1 -> -0.023981816
A92: 11 | B92: ICICI BANK LTD | H92: =VLOOKUP($B92,$B$2:$AQ$76,H$80,FALSE)/10^7 -> 3.2750633 | I92: =VLOOKUP($B92,$B$2:$AQ$76,I$80,FALSE)/10^7 -> 3.2592862 | J92: =VLOOKUP($B92,$B$2:$AQ$76,J$80,FALSE)/10^7 -> 3.260652 | K92: =VLOOKUP($B92,$B$2:$AQ$76,K$80,FALSE)/10^7 -> 3.2481406 | L92: =VLOOKUP($B92,$B$2:$AQ$76,L$80,FALSE)/10^7 -> 3.2311395 | M92: =VLOOKUP($B92,$B$2:$AQ$76,M$80,FALSE)/10^7 -> 3.206459 | N92: =M92/$M$104 -> 0.032728649 | O92: =M92/H92-1 -> -0.020947473 | P92: =M92/J92-1 -> -0.016620296
A93: 12 | B93: PAYTM PAYMENTS BANK | H93: =VLOOKUP($B93,$B$2:$AQ$76,H$80,FALSE)/10^7 -> 3.7946 | I93: =VLOOKUP($B93,$B$2:$AQ$76,I$80,FALSE)/10^7 -> 3.8194741 | J93: =VLOOKUP($B93,$B$2:$AQ$76,J$80,FALSE)/10^7 -> 3.218642 | K93: =VLOOKUP($B93,$B$2:$AQ$76,K$80,FALSE)/10^7 -> 3.2303762 | L93: =VLOOKUP($B93,$B$2:$AQ$76,L$80,FALSE)/10^7 -> 3.2299494 | M93: =VLOOKUP($B93,$B$2:$AQ$76,M$80,FALSE)/10^7 -> 3.2264225 | N93: =M93/$M$104 -> 0.032932418 | O93: =M93/H93-1 -> -0.14973317 | P93: =M93/J93-1 -> 0.0024173238
... A101: 20 | B101: INDUSIND BANK LTD | H101: =VLOOKUP($B101,$B$2:$AQ$76,H$80,FALSE)/10^7 -> 0.8377229 | I101: =VLOOKUP($B101,$B$2:$AQ$76,I$80,FALSE)/10^7 -> 0.8766441 | J101: =VLOOKUP($B101,$B$2:$AQ$76,J$80,FALSE)/10^7 -> 0.9182378 | K101: =VLOOKUP($B101,$B$2:$AQ$76,K$80,FALSE)/10^7 -> 1.0160388 | L101: =VLOOKUP($B101,$B$2:$AQ$76,L$80,FALSE)/10^7 -> 1.0761578 | M101: =VLOOKUP($B101,$B$2:$AQ$76,M$80,FALSE)/10^7 -> 1.1273667 | N101: =M101/$M$104 -> 0.011507145 | O101: =M101/H101-1 -> 0.34575132 | P101: =M101/J101-1 -> 0.22775026
B102: Top 10 Total | H102: =SUM(H82:H91) -> 68.645765 | I102: =SUM(I82:I91) -> 69.42205 | J102: =SUM(J82:J91) -> 69.425779 | K102: =SUM(K82:K91) -> 67.07796 | L102: =SUM(L82:L91) -> 67.710546 | M102: =SUM(M82:M91) -> 68.596156 | N102: =M102/$M$104 -> 0.70016784 | O102: =M102/H102-1 -> -0.00072268115 | P102: =M102/J102-1 -> -0.01194979
B103: QoQ Growth % | I103: =I102/H102-1 -> 0.011308567 | J103: =J102/I102-1 -> 5.3719244e-05 | K103: =K102/J102-1 -> -0.03381769 | L103: =L102/K102-1 -> 0.0094306133 | M103: =M102/L102-1 -> 0.013079347
B104: Total | H104: =VLOOKUP($B104,$B$2:$AQ$76,H$80,FALSE)/10^7 -> 95.687246 | I104: =VLOOKUP($B104,$B$2:$AQ$76,I$80,FALSE)/10^7 -> 97.108577 | J104: =VLOOKUP($B104,$B$2:$AQ$76,J$80,FALSE)/10^7 -> 97.32829 | K104: =VLOOKUP($B104,$B$2:$AQ$76,K$80,FALSE)/10^7 -> 95.541935 | L104: =VLOOKUP($B104,$B$2:$AQ$76,L$80,FALSE)/10^7 -> 95.930972 | M104: =VLOOKUP($B104,$B$2:$AQ$76,M$80,FALSE)/10^7 -> 97.971017 | N104: =M104/$M$104 -> 1 | O104: =M104/H104-1 -> 0.023867036
B105: QoQ Growth % | H105: =Y76/AB76-1 -> -0.0022574403 | I105: =I104/H104-1 -> 0.014853927 | J105: =J104/I104-1 -> 0.0022625478 | K105: =K104/J104-1 -> -0.01835392 | L105: =L104/K104-1 -> 0.0040718979 | M105: =M104/L104-1 -> 0.021265764
D124: 43891 | E124: 44256 | F124: 44650 | G124: =EOMONTH(F124,12)-1 -> 45015 | H124: =EOMONTH(G124,12)-1 -> 45381 | I124: =EOMONTH(H124,12)-1 -> 45746 | J124: =EOMONTH(I124,12)-1 -> 46111
C125: ICICI Bank | D125: =_xlfn.XLOOKUP(D124,$D$3:$AU$3,$D$14:$AU$14,"",0,1)/10^6 -> 46.088262 | E125: =_xlfn.XLOOKUP(E124,$D$3:$AU$3,$D$14:$AU$14,"",0,1)/10^6 -> 39.001364 | F125: =_xlfn.XLOOKUP(F124,$D$3:$AU$3,$D$14:$AU$14,"",0,1)/10^6 -> 36.65592 | G125: =_xlfn.XLOOKUP(G124,$D$3:$AU$3,$D$14:$AU$14,"",0,1)/10^6 -> 32.750633 | H125: =_xlfn.XLOOKUP(H124,$D$3:$AU$3,$D$14:$AU$14,"",0,1)/10^6 -> 32.311395 | I125: =_xlfn.XLOOKUP(I124,$D$3:$AU$3,$D$14:$AU$14,"",0,1)/10^6 -> 31.751667 | J125: =_xlfn.XLOOKUP(J124,$D$3:$AU$3,$D$14:$AU$14,"",0,1)/10^6 -> #VALUE!
C126: PNB | D126: =_xlfn.XLOOKUP(D124,$D$3:$AU$3,$D$9:$AU$9,"",0,1)/10^6 -> 24.403555 | E126: =_xlfn.XLOOKUP(E124,$D$3:$AU$3,$D$9:$AU$9,"",0,1)/10^6 -> 44.40306 | F126: =_xlfn.XLOOKUP(F124,$D$3:$AU$3,$D$9:$AU$9,"",0,1)/10^6 -> 45.957631 | G126: =_xlfn.XLOOKUP(G124,$D$3:$AU$3,$D$9:$AU$9,"",0,1)/10^6 -> 40.691768 | H126: =_xlfn.XLOOKUP(H124,$D$3:$AU$3,$D$9:$AU$9,"",0,1)/10^6 -> 40.08099 | I126: =_xlfn.XLOOKUP(I124,$D$3:$AU$3,$D$9:$AU$9,"",0,1)/10^6 -> 41.109977 | J126: =_xlfn.XLOOKUP(J124,$D$3:$AU$3,$D$9:$AU$9,"",0,1)/10^6 -> #VALUE!
C127: AXIS BANK LTD | D127: =_xlfn.XLOOKUP(D124,$D$3:$AU$3,$D$10:$AU$10,"",0,1)/10^6 -> 24.4879 | E127: =_xlfn.XLOOKUP(E124,$D$3:$AU$3,$D$10:$AU$10,"",0,1)/10^6 -> 23.830173 | F127: =_xlfn.XLOOKUP(F124,$D$3:$AU$3,$D$10:$AU$10,"",0,1)/10^6 -> 27.747647 | G127: =_xlfn.XLOOKUP(G124,$D$3:$AU$3,$D$10:$AU$10,"",0,1)/10^6 -> 30.241706 | H127: =_xlfn.XLOOKUP(H124,$D$3:$AU$3,$D$10:$AU$10,"",0,1)/10^6 -> 34.648678 | I127: =_xlfn.XLOOKUP(I124,$D$3:$AU$3,$D$10:$AU$10,"",0,1)/10^6 -> 39.34252 | J127: =_xlfn.XLOOKUP(J124,$D$3:$AU$3,$D$10:$AU$10,"",0,1)/10^6 -> #VALUE!

Sheet Summary CC (2)
B2: Sheet Name | C2: X1 | D2: X2 | E2: X3 | F2: X4 | G2: 1 | H2: =G2+1 -> 2 | I2: =H2+1 -> 3 | J2: =I2+1 -> 4 | K2: =J2+1 -> 5 | L2: =K2+1 -> 6 | M2: =L2+1 -> 7 | N2: =M2+1 -> 8 | O2: =N2+1 -> 9 | ... AP2: =AO2+1 -> 36 | AQ2: 37 | AR2: 38 | AS2: 39 | AT2: 40
A3: Category | B3: Months | C3: 43891 | D3: 44166 | E3: 44256 | F3: 44531 | G3: 44562 | H3: =EOMONTH(G3,1)-1 -> 44619 | I3: =EOMONTH(H3,1)-1 -> 44650 | J3: =EOMONTH(I3,1)-1 -> 44680 | K3: =EOMONTH(J3,1)-1 -> 44711 | L3: =EOMONTH(K3,1)-1 -> 44741 | M3: =EOMONTH(L3,1)-1 -> 44772 | N3: =EOMONTH(M3,1)-1 -> 44803 | O3: =EOMONTH(N3,1)-1 -> 44833 | ... AQ3: =EOMONTH(AP3,1)-1 -> 45687 | AR3: 45689 | AS3: 45717 | AT3: 45748 | AV3: FY 24 9M | AW3: FY 25 9 M | AX3: 12 Mn | BA3: % distribution of Total
A4: Private Sector Banks | B4: HDFC BANK LTD | C4: =IFERROR(VLOOKUP($B4,INDIRECT("'" & C$2 & "'!$C$3:$R$100"),6,FALSE),"") -> 14499647 | D4: =IFERROR(VLOOKUP($B4,INDIRECT("'" & D$2 & "'!$C$3:$R$100"),8,FALSE),"") -> 15308843 | E4: =IFERROR(VLOOKUP($B4,INDIRECT("'" & E$2 & "'!$C$3:$R$100"),8,FALSE),"") -> 14985844 | F4: =IFERROR(VLOOKUP($B4,INDIRECT("'" & F$2 & "'!$C$3:$R$100"),8,FALSE),"") -> 15835697 | G4: =IFERROR(VLOOKUP(B4,'1'!$C$3:$S$100,8,FALSE),"") -> 16045393 | H4: =IFERROR(VLOOKUP(B4,'2'!$C$3:$S$100,8,FALSE),"") -> 16272871 | I4: =IFERROR(VLOOKUP($B4,INDIRECT("'" & I$2 & "'!$C$3:$R$100"),8,FALSE),"") -> 16536735 | J4: =IFERROR(VLOOKUP($B4,INDIRECT("'" & J$2 & "'!$C$3:$R$100"),8,FALSE),"") -> 16833724 | K4: =IFERROR(VLOOKUP($B4,INDIRECT("'" & K$2 & "'!$C$3:$R$100"),8,FALSE),"") -> 17219010 | L4: =IFERROR(VLOOKUP($B4,INDIRECT("'" & L$2 & "'!$C$3:$R$100"),8,FALSE),"") -> 17605497 | M4: =IFERROR(VLOOKUP($B4,INDIRECT("'" & M$2 & "'!$C$3:$R$100"),8,FALSE),"") -> 17949861 | N4: =IFERROR(VLOOKUP($B4,INDIRECT("'" & N$2 & "'!$C$3:$R$100"),8,FALSE),"") -> 16428971 | O4: =IFERROR(VLOOKUP($B4,INDIRECT("'" & O$2 & "'!$C$3:$R$100"),8,FALSE),"") -> 16328522 | P4: =IFERROR(VLOOKUP($B4,INDIRECT("'" & P$2 & "'!$C$3:$R$100"),8,FALSE),"") -> 16546501 | ... AT4: =IFERROR(VLOOKUP($B4,INDIRECT("'" & AT$2 & "'!$C$3:$R$100"),8,FALSE),"") -> 24001417 | AU4: =AP4/SUM($AP$4:$AP$75) -> 0.21419503 | AV4: =AD4/V4-1 -> 0.11181319 | AW4: =AP4/AH4-1 -> 0.1115584 | AX4: =AT4/AH4-1 -> 0.15268667 | BA4: =IFERROR(AN4/$AN$76,"") -> 0.21186622
A5: Scheduled Commercial Banks | B5: STATE BANK OF INDIA | C5: =IFERROR(VLOOKUP($B5,INDIRECT("'" & C$2 & "'!$C$3:$R$100"),6,FALSE),"") -> 10547502 | D5: =IFERROR(VLOOKUP($B5,INDIRECT("'" & D$2 & "'!$C$3:$R$100"),8,FALSE),"") -> 11490041 | E5: =IFERROR(VLOOKUP($B5,INDIRECT("'" & E$2 & "'!$C$3:$R$100"),8,FALSE),"") -> 11821564 | F5: =IFERROR(VLOOKUP($B5,INDIRECT("'" & F$2 & "'!$C$3:$R$100"),8,FALSE),"") -> 13160859 | G5: =IFERROR(VLOOKUP(B5,'1'!$C$3:$S$100,8,FALSE),"") -> 13312608 | H5: =IFERROR(VLOOKUP(B5,'2'!$C$3:$S$100,8,FALSE),"") -> 13521728 | I5: =IFERROR(VLOOKUP($B5,INDIRECT("'" & I$2 & "'!$C$3:$R$100"),8,FALSE),"") -> 13766861 | J5: =IFERROR(VLOOKUP($B5,INDIRECT("'" & J$2 & "'!$C$3:$R$100"),8,FALSE),"") -> 13946540 | K5: =IFERROR(VLOOKUP($B5,INDIRECT("'" & K$2 & "'!$C$3:$R$100"),8,FALSE),"") -> 14148758 | L5: =IFERROR(VLOOKUP($B5,INDIRECT("'" & L$2 & "'!$C$3:$R$100"),8,FALSE),"") -> 14315734 | M5: =IFERROR(VLOOKUP($B5,INDIRECT("'" & M$2 & "'!$C$3:$R$100"),8,FALSE),"") -> 14534667 | N5: =IFERROR(VLOOKUP($B5,INDIRECT("'" & N$2 & "'!$C$3:$R$100"),8,FALSE),"") -> 14830926 | O5: =IFERROR(VLOOKUP($B5,INDIRECT("'" & O$2 & "'!$C$3:$R$100"),8,FALSE),"") -> 14828035 | P5: =IFERROR(VLOOKUP($B5,INDIRECT("'" & P$2 & "'!$C$3:$R$100"),8,FALSE),"") -> 15167195 | ... AT5: =IFERROR(VLOOKUP($B5,INDIRECT("'" & AT$2 & "'!$C$3:$R$100"),8,FALSE),"") -> 20982901 | AU5: =AP5/SUM($AP$4:$AP$75) -> 0.18737469 | AV5: =AD5/V5-1 -> 0.096100556 | AW5: =AP5/AH5-1 -> 0.065426824 | AX5: =AT5/AH5-1 -> 0.10415418 | BA5: =IFERROR(AN5/$AN$76,"") -> 0.18530464
A6: Private Sector Banks | B6: ICICI BANK LTD | C6: =IFERROR(VLOOKUP($B6,INDIRECT("'" & C$2 & "'!$C$3:$R$100"),6,FALSE),"") -> 9110690 | D6: =IFERROR(VLOOKUP($B6,INDIRECT("'" & D$2 & "'!$C$3:$R$100"),8,FALSE),"") -> 9911510 | E6: =IFERROR(VLOOKUP($B6,INDIRECT("'" & E$2 & "'!$C$3:$R$100"),8,FALSE),"") -> 10584421 | F6: =IFERROR(VLOOKUP($B6,INDIRECT("'" & F$2 & "'!$C$3:$R$100"),8,FALSE),"") -> 12353813 | G6: =IFERROR(VLOOKUP(B6,'1'!$C$3:$S$100,8,FALSE),"") -> 12595116 | H6: =IFERROR(VLOOKUP(B6,'2'!$C$3:$S$100,8,FALSE),"") -> 12773465 | I6: =IFERROR(VLOOKUP($B6,INDIRECT("'" & I$2 & "'!$C$3:$R$100"),8,FALSE),"") -> 12978825 | J6: =IFERROR(VLOOKUP($B6,INDIRECT("'" & J$2 & "'!$C$3:$R$100"),8,FALSE),"") -> 13128334 | K6: =IFERROR(VLOOKUP($B6,INDIRECT("'" & K$2 & "'!$C$3:$R$100"),8,FALSE),"") -> 13340781 | L6: =IFERROR(VLOOKUP($B6,INDIRECT("'" & L$2 & "'!$C$3:$R$100"),8,FALSE),"") -> 13531271 | M6: =IFERROR(VLOOKUP($B6,INDIRECT("'" & M$2 & "'!$C$3:$R$100"),8,FALSE),"") -> 13725493 | N6: =IFERROR(VLOOKUP($B6,INDIRECT("'" & N$2 & "'!$C$3:$R$100"),8,FALSE),"") -> 13937013 | O6: =IFERROR(VLOOKUP($B6,INDIRECT("'" & O$2 & "'!$C$3:$R$100"),8,FALSE),"") -> 13316346 | P6: =IFERROR(VLOOKUP($B6,INDIRECT("'" & P$2 & "'!$C$3:$R$100"),8,FALSE),"") -> 13537626 | ... AT6: =IFERROR(VLOOKUP($B6,INDIRECT("'" & AT$2 & "'!$C$3:$R$100"),8,FALSE),"") -> 18300074 | AU6: =AP6/SUM($AP$4:$AP$75) -> 0.16566473 | AV6: =AD6/V6-1 -> 0.13084782 | AW6: =AP6/AH6-1 -> 0.052492847 | AX6: =AT6/AH6-1 -> 0.075953357 | BA6: =IFERROR(AN6/$AN$76,"") -> 0.16559835
A7: Private Sector Banks | B7: AXIS BANK LTD | C7: =IFERROR(VLOOKUP($B7,INDIRECT("'" & C$2 & "'!$C$3:$R$100"),6,FALSE),"") -> 6985774 | D7: =IFERROR(VLOOKUP($B7,INDIRECT("'" & D$2 & "'!$C$3:$R$100"),8,FALSE),"") -> 6872099 | E7: =IFERROR(VLOOKUP($B7,INDIRECT("'" & E$2 & "'!$C$3:$R$100"),8,FALSE),"") -> 7145409 | F7: =IFERROR(VLOOKUP($B7,INDIRECT("'" & F$2 & "'!$C$3:$R$100"),8,FALSE),"") -> 8133522 | G7: =IFERROR(VLOOKUP(B7,'1'!$C$3:$S$100,8,FALSE),"") -> 8353076 | H7: =IFERROR(VLOOKUP(B7,'2'!$C$3:$S$100,8,FALSE),"") -> 8600863 | I7: =IFERROR(VLOOKUP($B7,INDIRECT("'" & I$2 & "'!$C$3:$R$100"),8,FALSE),"") -> 9034829 | J7: =IFERROR(VLOOKUP($B7,INDIRECT("'" & J$2 & "'!$C$3:$R$100"),8,FALSE),"") -> 9261251 | K7: =IFERROR(VLOOKUP($B7,INDIRECT("'" & K$2 & "'!$C$3:$R$100"),8,FALSE),"") -> 9475786 | L7: =IFERROR(VLOOKUP($B7,INDIRECT("'" & L$2 & "'!$C$3:$R$100"),8,FALSE),"") -> 9704719 | M7: =IFERROR(VLOOKUP($B7,INDIRECT("'" & M$2 & "'!$C$3:$R$100"),8,FALSE),"") -> 9932333 | N7: =IFERROR(VLOOKUP($B7,INDIRECT("'" & N$2 & "'!$C$3:$R$100"),8,FALSE),"") -> 8879353 | O7: =IFERROR(VLOOKUP($B7,INDIRECT("'" & O$2 & "'!$C$3:$R$100"),8,FALSE),"") -> 8824819 | P7: =IFERROR(VLOOKUP($B7,INDIRECT("'" & P$2 & "'!$C$3:$R$100"),8,FALSE),"") -> 9086186 | ... AT7: =IFERROR(VLOOKUP($B7,INDIRECT("'" & AT$2 & "'!$C$3:$R$100"),8,FALSE),"") -> 14955199 | AU7: =AP7/SUM($AP$4:$AP$75) -> 0.13693803 | AV7: =AD7/V7-1 -> 0.10693579 | AW7: =AP7/AH7-1 -> 0.040319823 | AX7: =AT7/AH7-1 -> 0.051444812 | BA7: =IFERROR(AN7/$AN$76,"") -> 0.13819535
A8: Private Sector Banks | B8: RBL BANK LTD | C8: =IFERROR(VLOOKUP($B8,INDIRECT("'" & C$2 & "'!$C$3:$R$100"),6,FALSE),"") -> 2681336 | D8: =IFERROR(VLOOKUP($B8,INDIRECT("'" & D$2 & "'!$C$3:$R$100"),8,FALSE),"") -> 2821749 | E8: =IFERROR(VLOOKUP($B8,INDIRECT("'" & E$2 & "'!$C$3:$R$100"),8,FALSE),"") -> 2961742 | F8: =IFERROR(VLOOKUP($B8,INDIRECT("'" & F$2 & "'!$C$3:$R$100"),8,FALSE),"") -> 3459806 | G8: =IFERROR(VLOOKUP(B8,'1'!$C$3:$S$100,8,FALSE),"") -> 3556159 | H8: =IFERROR(VLOOKUP(B8,'2'!$C$3:$S$100,8,FALSE),"") -> 3631509 | I8: =IFERROR(VLOOKUP($B8,INDIRECT("'" & I$2 & "'!$C$3:$R$100"),8,FALSE),"") -> 3682603 | J8: =IFERROR(VLOOKUP($B8,INDIRECT("'" & J$2 & "'!$C$3:$R$100"),8,FALSE),"") -> 3754269 | K8: =IFERROR(VLOOKUP($B8,INDIRECT("'" & K$2 & "'!$C$3:$R$100"),8,FALSE),"") -> 3827746 | L8: =IFERROR(VLOOKUP($B8,INDIRECT("'" & L$2 & "'!$C$3:$R$100"),8,FALSE),"") -> 3914742 | M8: =IFERROR(VLOOKUP($B8,INDIRECT("'" & M$2 & "'!$C$3:$R$100"),8,FALSE),"") -> 4005255 | N8: =IFERROR(VLOOKUP($B8,INDIRECT("'" & N$2 & "'!$C$3:$R$100"),8,FALSE),"") -> 4044789 | O8: =IFERROR(VLOOKUP($B8,INDIRECT("'" & O$2 & "'!$C$3:$R$100"),8,FALSE),"") -> 4097800 | P8: =IFERROR(VLOOKUP($B8,INDIRECT("'" & P$2 & "'!$C$3:$R$100"),8,FALSE),"") -> 4166704 | ... AT8: =IFERROR(VLOOKUP($B8,INDIRECT("'" & AT$2 & "'!$C$3:$R$100"),8,FALSE),"") -> 4776130 | AU8: =AP8/SUM($AP$4:$AP$75) -> 0.046628086 | AV8: =AD8/V8-1 -> 0.11343882 | AW8: =AP8/AH8-1 -> -0.033780776 | AX8: =AT8/AH8-1 -> -0.084083839 | BA8: =IFERROR(AN8/$AN$76,"") -> 0.048409025
A9: Private Sector Banks | B9: KOTAK MAHINDRA BANK LTD | C9: =IFERROR(VLOOKUP($B9,INDIRECT("'" & C$2 & "'!$C$3:$R$100"),6,FALSE),"") -> 2324280 | D9: =IFERROR(VLOOKUP($B9,INDIRECT("'" & D$2 & "'!$C$3:$R$100"),8,FALSE),"") -> 2343088 | E9: =IFERROR(VLOOKUP($B9,INDIRECT("'" & E$2 & "'!$C$3:$R$100"),8,FALSE),"") -> 2409874 | F9: =IFERROR(VLOOKUP($B9,INDIRECT("'" & F$2 & "'!$C$3:$R$100"),8,FALSE),"") -> 2742477 | G9: =IFERROR(VLOOKUP(B9,'1'!$C$3:$S$100,8,FALSE),"") -> 2877676 | H9: =IFERROR(VLOOKUP(B9,'2'!$C$3:$S$100,8,FALSE),"") -> 3034474 | I9: =IFERROR(VLOOKUP($B9,INDIRECT("'" & I$2 & "'!$C$3:$R$100"),8,FALSE),"") -> 3196377 | J9: =IFERROR(VLOOKUP($B9,INDIRECT("'" & J$2 & "'!$C$3:$R$100"),8,FALSE),"") -> 3425409 | K9: =IFERROR(VLOOKUP($B9,INDIRECT("'" & K$2 & "'!$C$3:$R$100"),8,FALSE),"") -> 3606571 | L9: =IFERROR(VLOOKUP($B9,INDIRECT("'" & L$2 & "'!$C$3:$R$100"),8,FALSE),"") -> 3869513 | M9: =IFERROR(VLOOKUP($B9,INDIRECT("'" & M$2 & "'!$C$3:$R$100"),8,FALSE),"") -> 4052093 | N9: =IFERROR(VLOOKUP($B9,INDIRECT("'" & N$2 & "'!$C$3:$R$100"),8,FALSE),"") -> 4107595 | O9: =IFERROR(VLOOKUP($B9,INDIRECT("'" & O$2 & "'!$C$3:$R$100"),8,FALSE),"") -> 4299906 | P9: =IFERROR(VLOOKUP($B9,INDIRECT("'" & P$2 & "'!$C$3:$R$100"),8,FALSE),"") -> 4519524 | ... AT9: =IFERROR(VLOOKUP($B9,INDIRECT("'" & AT$2 & "'!$C$3:$R$100"),8,FALSE),"") -> 4839468 | AU9: =AP9/SUM($AP$4:$AP$75) -> 0.046472361 | AV9: =AD9/V9-1 -> 0.15022129 | AW9: =AP9/AH9-1 -> -0.16313047 | AX9: =AT9/AH9-1 -> -0.19348558 | BA9: =IFERROR(AN9/$AN$76,"") -> 0.04871478
A10: Private Sector Banks | B10: IDFC FIRST BANK LTD | C10: =IFERROR(VLOOKUP($B10,INDIRECT("'" & C$2 & "'!$C$3:$R$100"),6,FALSE),"") -> 0 | D10: =IFERROR(VLOOKUP($B10,INDIRECT("'" & D$2 & "'!$C$3:$R$100"),8,FALSE),"") -> 56799 | E10: =IFERROR(VLOOKUP($B10,INDIRECT("'" & E$2 & "'!$C$3:$R$100"),8,FALSE),"") -> 232552 | F10: =IFERROR(VLOOKUP($B10,INDIRECT("'" & F$2 & "'!$C$3:$R$100"),8,FALSE),"") -> 630172 | G10: =IFERROR(VLOOKUP(B10,'1'!$C$3:$S$100,8,FALSE),"") -> 685934 | H10: =IFERROR(VLOOKUP(B10,'2'!$C$3:$S$100,8,FALSE),"") -> 739541 | I10: =IFERROR(VLOOKUP($B10,INDIRECT("'" & I$2 & "'!$C$3:$R$100"),8,FALSE),"") -> 799219 | J10: =IFERROR(VLOOKUP($B10,INDIRECT("'" & J$2 & "'!$C$3:$R$100"),8,FALSE),"") -> 856394 | K10: =IFERROR(VLOOKUP($B10,INDIRECT("'" & K$2 & "'!$C$3:$R$100"),8,FALSE),"") -> 887837 | L10: =IFERROR(VLOOKUP($B10,INDIRECT("'" & L$2 & "'!$C$3:$R$100"),8,FALSE),"") -> 962792 | M10: =IFERROR(VLOOKUP($B10,INDIRECT("'" & M$2 & "'!$C$3:$R$100"),8,FALSE),"") -> 1042747 | N10: =IFERROR(VLOOKUP($B10,INDIRECT("'" & N$2 & "'!$C$3:$R$100"),8,FALSE),"") -> 1113545 | O10: =IFERROR(VLOOKUP($B10,INDIRECT("'" & O$2 & "'!$C$3:$R$100"),8,FALSE),"") -> 1204190 | P10: =IFERROR(VLOOKUP($B10,INDIRECT("'" & P$2 & "'!$C$3:$R$100"),8,FALSE),"") -> 1269278 | ... AT10: =IFERROR(VLOOKUP($B10,INDIRECT("'" & AT$2 & "'!$C$3:$R$100"),8,FALSE),"") -> 3633077 | AU10: =AP10/SUM($AP$4:$AP$75) -> 0.03046386 | AV10: =AD10/V10-1 -> 0.42450191 | AW10: =AP10/AH10-1 -> 0.2402193 | AX10: =AT10/AH10-1 -> 0.3687989 | BA10: =IFERROR(AN10/$AN$76,"") -> 0.029431464
A11: Private Sector Banks | B11: INDUSIND BANK LTD | C11: =IFERROR(VLOOKUP($B11,INDIRECT("'" & C$2 & "'!$C$3:$R$100"),6,FALSE),"") -> 1354206 | D11: =IFERROR(VLOOKUP($B11,INDIRECT("'" & D$2 & "'!$C$3:$R$100"),8,FALSE),"") -> 1504599 | E11: =IFERROR(VLOOKUP($B11,INDIRECT("'" & E$2 & "'!$C$3:$R$100"),8,FALSE),"") -> 1528137 | F11: =IFERROR(VLOOKUP($B11,INDIRECT("'" & F$2 & "'!$C$3:$R$100"),8,FALSE),"") -> 1750124 | G11: =IFERROR(VLOOKUP(B11,'1'!$C$3:$S$100,8,FALSE),"") -> 1788984 | H11: =IFERROR(VLOOKUP(B11,'2'!$C$3:$S$100,8,FALSE),"") -> 1837032 | I11: =IFERROR(VLOOKUP($B11,INDIRECT("'" & I$2 & "'!$C$3:$R$100"),8,FALSE),"") -> 1880393 | J11: =IFERROR(VLOOKUP($B11,INDIRECT("'" & J$2 & "'!$C$3:$R$100"),8,FALSE),"") -> 1922608 | K11: =IFERROR(VLOOKUP($B11,INDIRECT("'" & K$2 & "'!$C$3:$R$100"),8,FALSE),"") -> 1972365 | L11: =IFERROR(VLOOKUP($B11,INDIRECT("'" & L$2 & "'!$C$3:$R$100"),8,FALSE),"") -> 2029218 | M11: =IFERROR(VLOOKUP($B11,INDIRECT("'" & M$2 & "'!$C$3:$R$100"),8,FALSE),"") -> 1822569 | N11: =IFERROR(VLOOKUP($B11,INDIRECT("'" & N$2 & "'!$C$3:$R$100"),8,FALSE),"") -> 1869104 | O11: =IFERROR(VLOOKUP($B11,INDIRECT("'" & O$2 & "'!$C$3:$R$100"),8,FALSE),"") -> 1931403 | P11: =IFERROR(VLOOKUP($B11,INDIRECT("'" & P$2 & "'!$C$3:$R$100"),8,FALSE),"") -> 1964481 | ... AT11: =IFERROR(VLOOKUP($B11,INDIRECT("'" & AT$2 & "'!$C$3:$R$100"),8,FALSE),"") -> 3181308 | AU11: =AP11/SUM($AP$4:$AP$75) -> 0.028849631 | AV11: =AD11/V11-1 -> 0.20216132 | AW11: =AP11/AH11-1 -> 0.06150836 | AX11: =AT11/AH11-1 -> 0.083279107 | BA11: =IFERROR(AN11/$AN$76,"") -> 0.028576161
A12: Scheduled Commercial Banks | B12: BANK OF BARODA | C12: =IFERROR(VLOOKUP($B12,INDIRECT("'" & C$2 & "'!$C$3:$R$100"),6,FALSE),"") -> 467879 | D12: =IFERROR(VLOOKUP($B12,INDIRECT("'" & D$2 & "'!$C$3:$R$100"),8,FALSE),"") -> 543093 | E12: =IFERROR(VLOOKUP($B12,INDIRECT("'" & E$2 & "'!$C$3:$R$100"),8,FALSE),"") -> 644537 | F12: =IFERROR(VLOOKUP($B12,INDIRECT("'" & F$2 & "'!$C$3:$R$100"),8,FALSE),"") -> 811986 | G12: =IFERROR(VLOOKUP(B12,'1'!$C$3:$S$100,8,FALSE),"") -> 862290 | H12: =IFERROR(VLOOKUP(B12,'2'!$C$3:$S$100,8,FALSE),"") -> 945037 | I12: =IFERROR(VLOOKUP($B12,INDIRECT("'" & I$2 & "'!$C$3:$R$100"),8,FALSE),"") -> 1103921 | J12: =IFERROR(VLOOKUP($B12,INDIRECT("'" & J$2 & "'!$C$3:$R$100"),8,FALSE),"") -> 1194104 | K12: =IFERROR(VLOOKUP($B12,INDIRECT("'" & K$2 & "'!$C$3:$R$100"),8,FALSE),"") -> 1267896 | L12: =IFERROR(VLOOKUP($B12,INDIRECT("'" & L$2 & "'!$C$3:$R$100"),8,FALSE),"") -> 1348264 | M12: =IFERROR(VLOOKUP($B12,INDIRECT("'" & M$2 & "'!$C$3:$R$100"),8,FALSE),"") -> 1416927 | N12: =IFERROR(VLOOKUP($B12,INDIRECT("'" & N$2 & "'!$C$3:$R$100"),8,FALSE),"") -> 1428072 | O12: =IFERROR(VLOOKUP($B12,INDIRECT("'" & O$2 & "'!$C$3:$R$100"),8,FALSE),"") -> 1502964 | P12: =IFERROR(VLOOKUP($B12,INDIRECT("'" & P$2 & "'!$C$3:$R$100"),8,FALSE),"") -> 1578148 | ... AT12: =IFERROR(VLOOKUP($B12,INDIRECT("'" & AT$2 & "'!$C$3:$R$100"),8,FALSE),"") -> 3020028 | AU12: =AP12/SUM($AP$4:$AP$75) -> 0.027188667 | AV12: =AD12/V12-1 -> 0.15346007 | AW12: =AP12/AH12-1 -> 0.15036932 | AX12: =AT12/AH12-1 -> 0.18252912 | BA12: =IFERROR(AN12/$AN$76,"") -> 0.026938444
A13: Private Sector Banks | B13: YES BANK LTD | C13: =IFERROR(VLOOKUP($B13,INDIRECT("'" & C$2 & "'!$C$3:$R$100"),6,FALSE),"") -> 873454 | D13: =IFERROR(VLOOKUP($B13,INDIRECT("'" & D$2 & "'!$C$3:$R$100"),8,FALSE),"") -> 855620 | E13: =IFERROR(VLOOKUP($B13,INDIRECT("'" & E$2 & "'!$C$3:$R$100"),8,FALSE),"") -> 946628 | F13: =IFERROR(VLOOKUP($B13,INDIRECT("'" & F$2 & "'!$C$3:$R$100"),8,FALSE),"") -> 1072172 | G13: =IFERROR(VLOOKUP(B13,'1'!$C$3:$S$100,8,FALSE),"") -> 1105401 | H13: =IFERROR(VLOOKUP(B13,'2'!$C$3:$S$100,8,FALSE),"") -> 1144367 | I13: =IFERROR(VLOOKUP($B13,INDIRECT("'" & I$2 & "'!$C$3:$R$100"),8,FALSE),"") -> 1184542 | J13: =IFERROR(VLOOKUP($B13,INDIRECT("'" & J$2 & "'!$C$3:$R$100"),8,FALSE),"") -> 1209178 | K13: =IFERROR(VLOOKUP($B13,INDIRECT("'" & K$2 & "'!$C$3:$R$100"),8,FALSE),"") -> 1238367 | L13: =IFERROR(VLOOKUP($B13,INDIRECT("'" & L$2 & "'!$C$3:$R$100"),8,FALSE),"") -> 1294496 | M13: =IFERROR(VLOOKUP($B13,INDIRECT("'" & M$2 & "'!$C$3:$R$100"),8,FALSE),"") -> 1331990 | N13: =IFERROR(VLOOKUP($B13,INDIRECT("'" & N$2 & "'!$C$3:$R$100"),8,FALSE),"") -> 1246243 | O13: =IFERROR(VLOOKUP($B13,INDIRECT("'" & O$2 & "'!$C$3:$R$100"),8,FALSE),"") -> 1291423 | P13: =IFERROR(VLOOKUP($B13,INDIRECT("'" & P$2 & "'!$C$3:$R$100"),8,FALSE),"") -> 1327942 | ... AT13: =IFERROR(VLOOKUP($B13,INDIRECT("'" & AT$2 & "'!$C$3:$R$100"),8,FALSE),"") -> 2503080 | AU13: =AP13/SUM($AP$4:$AP$75) -> 0.022284243 | AV13: =AD13/V13-1 -> 0.25121422 | AW13: =AP13/AH13-1 -> 0.14054839 | AX13: =AT13/AH13-1 -> 0.18561057 | BA13: =IFERROR(AN13/$AN$76,"") -> 0.021910203
A14: Foreign Banks | B14: AMERICAN EXPRESS BANKING CORPORATION | C14: =IFERROR(VLOOKUP($B14,INDIRECT("'" & C$2 & "'!$C$3:$R$100"),6,FALSE),"") -> 1693175 | D14: =IFERROR(VLOOKUP($B14,INDIRECT("'" & D$2 & "'!$C$3:$R$100"),8,FALSE),"") -> 1595234 | E14: =IFERROR(VLOOKUP($B14,INDIRECT("'" & E$2 & "'!$C$3:$R$100"),8,FALSE),"") -> 1532327 | F14: =IFERROR(VLOOKUP($B14,INDIRECT("'" & F$2 & "'!$C$3:$R$100"),8,FALSE),"") -> 1415598 | G14: =IFERROR(VLOOKUP(B14,'1'!$C$3:$S$100,8,FALSE),"") -> 1405362 | H14: =IFERROR(VLOOKUP(B14,'2'!$C$3:$S$100,8,FALSE),"") -> 1393728 | I14: =IFERROR(VLOOKUP($B14,INDIRECT("'" & I$2 & "'!$C$3:$R$100"),8,FALSE),"") -> 1383221 | J14: =IFERROR(VLOOKUP($B14,INDIRECT("'" & J$2 & "'!$C$3:$R$100"),8,FALSE),"") -> 1375307 | K14: =IFERROR(VLOOKUP($B14,INDIRECT("'" & K$2 & "'!$C$3:$R$100"),8,FALSE),"") -> 1366552 | L14: =IFERROR(VLOOKUP($B14,INDIRECT("'" & L$2 & "'!$C$3:$R$100"),8,FALSE),"") -> 1360776 | M14: =IFERROR(VLOOKUP($B14,INDIRECT("'" & M$2 & "'!$C$3:$R$100"),8,FALSE),"") -> 1356420 | N14: =IFERROR(VLOOKUP($B14,INDIRECT("'" & N$2 & "'!$C$3:$R$100"),8,FALSE),"") -> 1353402 | O14: =IFERROR(VLOOKUP($B14,INDIRECT("'" & O$2 & "'!$C$3:$R$100"),8,FALSE),"") -> 1299223 | P14: =IFERROR(VLOOKUP($B14,INDIRECT("'" & P$2 & "'!$C$3:$R$100"),8,FALSE),"") -> 1304696 | ... AT14: =IFERROR(VLOOKUP($B14,INDIRECT("'" & AT$2 & "'!$C$3:$R$100"),8,FALSE),"") -> 1424907 | AU14: =AP14/SUM($AP$4:$AP$75) -> 0.01330328 | AV14: =AD14/V14-1 -> 0.011136277 | AW14: =AP14/AH14-1 -> 0.061644913 | AX14: =AT14/AH14-1 -> 0.052345998 | BA14: =IFERROR(AN14/$AN$76,"") -> 0.013377497
A15: Private Sector Banks | B15: FEDERAL BANK LTD | C15: =IFERROR(VLOOKUP($B15,INDIRECT("'" & C$2 & "'!$C$3:$R$100"),6,FALSE),"") -> 0 | D15: =IFERROR(VLOOKUP($B15,INDIRECT("'" & D$2 & "'!$C$3:$R$100"),8,FALSE),"") -> 0 | E15: =IFERROR(VLOOKUP($B15,INDIRECT("'" & E$2 & "'!$C$3:$R$100"),8,FALSE),"") -> 0 | F15: =IFERROR(VLOOKUP($B15,INDIRECT("'" & F$2 & "'!$C$3:$R$100"),8,FALSE),"") -> 68900 | G15: =IFERROR(VLOOKUP(B15,'1'!$C$3:$S$100,8,FALSE),"") -> 87536 | H15: =IFERROR(VLOOKUP(B15,'2'!$C$3:$S$100,8,FALSE),"") -> 104232 | I15: =IFERROR(VLOOKUP($B15,INDIRECT("'" & I$2 & "'!$C$3:$R$100"),8,FALSE),"") -> 134841 | J15: =IFERROR(VLOOKUP($B15,INDIRECT("'" & J$2 & "'!$C$3:$R$100"),8,FALSE),"") -> 170251 | K15: =IFERROR(VLOOKUP($B15,INDIRECT("'" & K$2 & "'!$C$3:$R$100"),8,FALSE),"") -> 205091 | L15: =IFERROR(VLOOKUP($B15,INDIRECT("'" & L$2 & "'!$C$3:$R$100"),8,FALSE),"") -> 234580 | M15: =IFERROR(VLOOKUP($B15,INDIRECT("'" & M$2 & "'!$C$3:$R$100"),8,FALSE),"") -> 264497 | N15: =IFERROR(VLOOKUP($B15,INDIRECT("'" & N$2 & "'!$C$3:$R$100"),8,FALSE),"") -> 297437 | O15: =IFERROR(VLOOKUP($B15,INDIRECT("'" & O$2 & "'!$C$3:$R$100"),8,FALSE),"") -> 332823 | P15: =IFERROR(VLOOKUP($B15,INDIRECT("'" & P$2 & "'!$C$3:$R$100"),8,FALSE),"") -> 370543 | ... AT15: =IFERROR(VLOOKUP($B15,INDIRECT("'" & AT$2 & "'!$C$3:$R$100"),8,FALSE),"") -> 1215370 | AU15: =AP15/SUM($AP$4:$AP$75) -> 0.010134819 | AV15: =AD15/V15-1 -> 0.55724176 | AW15: =AP15/AH15-1 -> 0.12914707 | AX15: =AT15/AH15-1 -> 0.25312542 | BA15: =IFERROR(AN15/$AN$76,"") -> 0.009921222
... A41: Small Finance Banks | B41: EQUITAS SMALL FINANCE BANK LTD | C41: =IFERROR(VLOOKUP($B41,INDIRECT("'" & C$2 & "'!$C$3:$R$100"),6,FALSE),"") -> 0 | D41: =IFERROR(VLOOKUP($B41,INDIRECT("'" & D$2 & "'!$C$3:$R$100"),8,FALSE),"") -> 0 | E41: =IFERROR(VLOOKUP($B41,INDIRECT("'" & E$2 & "'!$C$3:$R$100"),8,FALSE),"") -> 0 | F41: =IFERROR(VLOOKUP($B41,INDIRECT("'" & F$2 & "'!$C$3:$R$100"),8,FALSE),"") -> 0 | G41: =IFERROR(VLOOKUP(B41,'1'!$C$3:$S$100,8,FALSE),"") -> 0 | H41: =IFERROR(VLOOKUP(B41,'2'!$C$3:$S$100,8,FALSE),"") -> 0 | I41: =IFERROR(VLOOKUP($B41,INDIRECT("'" & I$2 & "'!$C$3:$R$100"),8,FALSE),"") -> 0 | J41: =IFERROR(VLOOKUP($B41,INDIRECT("'" & J$2 & "'!$C$3:$R$100"),8,FALSE),"") -> 0 | K41: =IFERROR(VLOOKUP($B41,INDIRECT("'" & K$2 & "'!$C$3:$R$100"),8,FALSE),"") -> 0 | L41: =IFERROR(VLOOKUP($B41,INDIRECT("'" & L$2 & "'!$C$3:$R$100"),8,FALSE),"") -> 0 | M41: =IFERROR(VLOOKUP($B41,INDIRECT("'" & M$2 & "'!$C$3:$R$100"),8,FALSE),"") -> 0 | N41: =IFERROR(VLOOKUP($B41,INDIRECT("'" & N$2 & "'!$C$3:$R$100"),8,FALSE),"") -> 0 | O41: =IFERROR(VLOOKUP($B41,INDIRECT("'" & O$2 & "'!$C$3:$R$100"),8,FALSE),"") -> 0 | P41: =IFERROR(VLOOKUP($B41,INDIRECT("'" & P$2 & "'!$C$3:$R$100"),8,FALSE),"") -> 0 | ... AT41: =IFERROR(VLOOKUP($B41,INDIRECT("'" & AT$2 & "'!$C$3:$R$100"),8,FALSE),"") -> 517 | AU41: =AP41/SUM($AP$4:$AP$75) -> 1.0179916e-07 | AV41: =AD41/V41-1 -> #DIV/0! | AW41: =AP41/AH41-1 -> #DIV/0! | AX41: =AT41/AH41-1 -> #DIV/0! | BA41: =IFERROR(AN41/$AN$76,"") -> 0
A42: Small Finance Banks | B42: FINCARE SMALL FINANCE BANK LIMITED | C42: =IFERROR(VLOOKUP($B42,INDIRECT("'" & C$2 & "'!$C$3:$R$100"),6,FALSE),"") -> 0 | D42: =IFERROR(VLOOKUP($B42,INDIRECT("'" & D$2 & "'!$C$3:$R$100"),8,FALSE),"") -> 0 | E42: =IFERROR(VLOOKUP($B42,INDIRECT("'" & E$2 & "'!$C$3:$R$100"),8,FALSE),"") -> 0 | F42: =IFERROR(VLOOKUP($B42,INDIRECT("'" & F$2 & "'!$C$3:$R$100"),8,FALSE),"") -> 0 | G42: =IFERROR(VLOOKUP(B42,'1'!$C$3:$S$100,8,FALSE),0) -> 0 | H42: =IFERROR(VLOOKUP(G42,'1'!$C$3:$S$100,8,FALSE),0) -> 0 | I42: =IFERROR(VLOOKUP(H42,'1'!$C$3:$S$100,8,FALSE),0) -> 0 | J42: =IFERROR(VLOOKUP(I42,'1'!$C$3:$S$100,8,FALSE),0) -> 0 | K42: =IFERROR(VLOOKUP(J42,'1'!$C$3:$S$100,8,FALSE),0) -> 0 | L42: =IFERROR(VLOOKUP(K42,'1'!$C$3:$S$100,8,FALSE),0) -> 0 | M42: =IFERROR(VLOOKUP(L42,'1'!$C$3:$S$100,8,FALSE),0) -> 0 | N42: =IFERROR(VLOOKUP(M42,'1'!$C$3:$S$100,8,FALSE),0) -> 0 | O42: =IFERROR(VLOOKUP(N42,'1'!$C$3:$S$100,8,FALSE),0) -> 0 | ... AT42: =IFERROR(VLOOKUP(AS42,'1'!$C$3:$S$100,8,FALSE),0) -> 0 | AU42: =AP42/SUM($AP$4:$AP$75) -> 0 | AV42: =AD42/V42-1 -> #DIV/0! | AW42: =AP42/AH42-1 -> #DIV/0! | AX42: =AT42/AH42-1 -> #DIV/0! | BA42: =IFERROR(AN42/$AN$76,"") -> 0
A43: Scheduled Commercial Banks | B43: CENTRAL BANK OF INDIA | C43: =IFERROR(VLOOKUP($B43,INDIRECT("'" & C$2 & "'!$C$3:$R$100"),6,FALSE),"") -> 87470 | D43: =IFERROR(VLOOKUP($B43,INDIRECT("'" & D$2 & "'!$C$3:$R$100"),8,FALSE),"") -> 0 | E43: =IFERROR(VLOOKUP($B43,INDIRECT("'" & E$2 & "'!$C$3:$R$100"),8,FALSE),"") -> 0 | F43: =IFERROR(VLOOKUP($B43,INDIRECT("'" & F$2 & "'!$C$3:$R$100"),8,FALSE),"") -> 0 | G43: =IFERROR(VLOOKUP(B43,'1'!$C$3:$S$100,8,FALSE),"") -> 0 | H43: =IFERROR(VLOOKUP(B43,'2'!$C$3:$S$100,8,FALSE),"") -> 0 | I43: =IFERROR(VLOOKUP($B43,INDIRECT("'" & I$2 & "'!$C$3:$R$100"),8,FALSE),"") -> 0 | J43: =IFERROR(VLOOKUP($B43,INDIRECT("'" & J$2 & "'!$C$3:$R$100"),8,FALSE),"") -> 0 | K43: =IFERROR(VLOOKUP($B43,INDIRECT("'" & K$2 & "'!$C$3:$R$100"),8,FALSE),"") -> 0 | L43: =IFERROR(VLOOKUP($B43,INDIRECT("'" & L$2 & "'!$C$3:$R$100"),8,FALSE),"") -> 0 | M43: =IFERROR(VLOOKUP($B43,INDIRECT("'" & M$2 & "'!$C$3:$R$100"),8,FALSE),"") -> 0 | N43: =IFERROR(VLOOKUP($B43,INDIRECT("'" & N$2 & "'!$C$3:$R$100"),8,FALSE),"") -> 0 | O43: =IFERROR(VLOOKUP($B43,INDIRECT("'" & O$2 & "'!$C$3:$R$100"),8,FALSE),"") -> 0 | P43: =IFERROR(VLOOKUP($B43,INDIRECT("'" & P$2 & "'!$C$3:$R$100"),8,FALSE),"") -> 0 | ... AT43: =IFERROR(VLOOKUP($B43,INDIRECT("'" & AT$2 & "'!$C$3:$R$100"),8,FALSE),"") -> 0 | AU43: =AP43/SUM($AP$4:$AP$75) -> 0 | AV43: =AD43/V43-1 -> #DIV/0! | AW43: =AP43/AH43-1 -> #DIV/0! | AX43: =AT43/AH43-1 -> #DIV/0! | BA43: =IFERROR(AN43/$AN$76,"") -> 0
A44: Scheduled Commercial Banks | B44: PUNJAB AND SIND BANK | C44: =IFERROR(VLOOKUP($B44,INDIRECT("'" & C$2 & "'!$C$3:$R$100"),6,FALSE),"") -> 0 | D44: =IFERROR(VLOOKUP($B44,INDIRECT("'" & D$2 & "'!$C$3:$R$100"),8,FALSE),"") -> 0 | E44: =IFERROR(VLOOKUP($B44,INDIRECT("'" & E$2 & "'!$C$3:$R$100"),8,FALSE),"") -> 0 | F44: =IFERROR(VLOOKUP($B44,INDIRECT("'" & F$2 & "'!$C$3:$R$100"),8,FALSE),"") -> 0 | G44: =IFERROR(VLOOKUP(B44,'1'!$C$3:$S$100,8,FALSE),"") -> 0 | H44: =IFERROR(VLOOKUP(B44,'2'!$C$3:$S$100,8,FALSE),"") -> 0 | I44: =IFERROR(VLOOKUP($B44,INDIRECT("'" & I$2 & "'!$C$3:$R$100"),8,FALSE),"") -> 0 | J44: =IFERROR(VLOOKUP($B44,INDIRECT("'" & J$2 & "'!$C$3:$R$100"),8,FALSE),"") -> 0 | K44: =IFERROR(VLOOKUP($B44,INDIRECT("'" & K$2 & "'!$C$3:$R$100"),8,FALSE),"") -> 0 | L44: =IFERROR(VLOOKUP($B44,INDIRECT("'" & L$2 & "'!$C$3:$R$100"),8,FALSE),"") -> 0 | M44: =IFERROR(VLOOKUP($B44,INDIRECT("'" & M$2 & "'!$C$3:$R$100"),8,FALSE),"") -> 0 | N44: =IFERROR(VLOOKUP($B44,INDIRECT("'" & N$2 & "'!$C$3:$R$100"),8,FALSE),"") -> 0 | O44: =IFERROR(VLOOKUP($B44,INDIRECT("'" & O$2 & "'!$C$3:$R$100"),8,FALSE),"") -> 0 | P44: =IFERROR(VLOOKUP($B44,INDIRECT("'" & P$2 & "'!$C$3:$R$100"),8,FALSE),"") -> 0 | ... AT44: =IFERROR(VLOOKUP($B44,INDIRECT("'" & AT$2 & "'!$C$3:$R$100"),8,FALSE),"") -> 0 | AU44: =AP44/SUM($AP$4:$AP$75) -> 0 | AV44: =AD44/V44-1 -> #DIV/0! | AW44: =AP44/AH44-1 -> #DIV/0! | AX44: =AT44/AH44-1 -> #DIV/0! | BA44: =IFERROR(AN44/$AN$76,"") -> 0
A45: Scheduled Commercial Banks | B45: UCO BANK | C45: =IFERROR(VLOOKUP($B45,INDIRECT("'" & C$2 & "'!$C$3:$R$100"),6,FALSE),"") -> 0 | D45: =IFERROR(VLOOKUP($B45,INDIRECT("'" & D$2 & "'!$C$3:$R$100"),8,FALSE),"") -> 0 | E45: =IFERROR(VLOOKUP($B45,INDIRECT("'" & E$2 & "'!$C$3:$R$100"),8,FALSE),"") -> 0 | F45: =IFERROR(VLOOKUP($B45,INDIRECT("'" & F$2 & "'!$C$3:$R$100"),8,FALSE),"") -> 0 | G45: =IFERROR(VLOOKUP(B45,'1'!$C$3:$S$100,8,FALSE),"") -> 0 | H45: =IFERROR(VLOOKUP(B45,'2'!$C$3:$S$100,8,FALSE),"") -> 0 | I45: =IFERROR(VLOOKUP($B45,INDIRECT("'" & I$2 & "'!$C$3:$R$100"),8,FALSE),"") -> 0 | J45: =IFERROR(VLOOKUP($B45,INDIRECT("'" & J$2 & "'!$C$3:$R$100"),8,FALSE),"") -> 0 | K45: =IFERROR(VLOOKUP($B45,INDIRECT("'" & K$2 & "'!$C$3:$R$100"),8,FALSE),"") -> 0 | L45: =IFERROR(VLOOKUP($B45,INDIRECT("'" & L$2 & "'!$C$3:$R$100"),8,FALSE),"") -> 0 | M45: =IFERROR(VLOOKUP($B45,INDIRECT("'" & M$2 & "'!$C$3:$R$100"),8,FALSE),"") -> 0 | N45: =IFERROR(VLOOKUP($B45,INDIRECT("'" & N$2 & "'!$C$3:$R$100"),8,FALSE),"") -> 0 | O45: =IFERROR(VLOOKUP($B45,INDIRECT("'" & O$2 & "'!$C$3:$R$100"),8,FALSE),"") -> 0 | P45: =IFERROR(VLOOKUP($B45,INDIRECT("'" & P$2 & "'!$C$3:$R$100"),8,FALSE),"") -> 0 | ... AT45: =IFERROR(VLOOKUP($B45,INDIRECT("'" & AT$2 & "'!$C$3:$R$100"),8,FALSE),"") -> 0 | AU45: =AP45/SUM($AP$4:$AP$75) -> 0 | AV45: =AD45/V45-1 -> #DIV/0! | AW45: =AP45/AH45-1 -> #DIV/0! | AX45: =AT45/AH45-1 -> #DIV/0! | BA45: =IFERROR(AN45/$AN$76,"") -> 0
A46: Private Sector Banks | B46: BANDHAN BANK LTD | C46: =IFERROR(VLOOKUP($B46,INDIRECT("'" & C$2 & "'!$C$3:$R$100"),6,FALSE),"") -> 0 | D46: =IFERROR(VLOOKUP($B46,INDIRECT("'" & D$2 & "'!$C$3:$R$100"),8,FALSE),"") -> 0 | E46: =IFERROR(VLOOKUP($B46,INDIRECT("'" & E$2 & "'!$C$3:$R$100"),8,FALSE),"") -> 0 | F46: =IFERROR(VLOOKUP($B46,INDIRECT("'" & F$2 & "'!$C$3:$R$100"),8,FALSE),"") -> 0 | G46: =IFERROR(VLOOKUP(B46,'1'!$C$3:$S$100,8,FALSE),"") -> 0 | H46: =IFERROR(VLOOKUP(B46,'2'!$C$3:$S$100,8,FALSE),"") -> 0 | I46: =IFERROR(VLOOKUP($B46,INDIRECT("'" & I$2 & "'!$C$3:$R$100"),8,FALSE),"") -> 0 | J46: =IFERROR(VLOOKUP($B46,INDIRECT("'" & J$2 & "'!$C$3:$R$100"),8,FALSE),"") -> 0 | K46: =IFERROR(VLOOKUP($B46,INDIRECT("'" & K$2 & "'!$C$3:$R$100"),8,FALSE),"") -> 0 | L46: =IFERROR(VLOOKUP($B46,INDIRECT("'" & L$2 & "'!$C$3:$R$100"),8,FALSE),"") -> 0 | M46: =IFERROR(VLOOKUP($B46,INDIRECT("'" & M$2 & "'!$C$3:$R$100"),8,FALSE),"") -> 0 | N46: =IFERROR(VLOOKUP($B46,INDIRECT("'" & N$2 & "'!$C$3:$R$100"),8,FALSE),"") -> 0 | O46: =IFERROR(VLOOKUP($B46,INDIRECT("'" & O$2 & "'!$C$3:$R$100"),8,FALSE),"") -> 0 | P46: =IFERROR(VLOOKUP($B46,INDIRECT("'" & P$2 & "'!$C$3:$R$100"),8,FALSE),"") -> 0 | ... AT46: =IFERROR(VLOOKUP($B46,INDIRECT("'" & AT$2 & "'!$C$3:$R$100"),8,FALSE),"") -> 887 | AU46: =AP46/SUM($AP$4:$AP$75) -> 0 | AV46: =AD46/V46-1 -> #DIV/0! | AW46: =AP46/AH46-1 -> -1 | AX46: =AT46/AH46-1 -> 31.851852 | BA46: =IFERROR(AN46/$AN$76,"") -> 0
A47: Private Sector Banks | B47: KARNATAKA BANK LTD | C47: =IFERROR(VLOOKUP($B47,INDIRECT("'" & C$2 & "'!$C$3:$R$100"),6,FALSE),"") -> 0 | D47: =IFERROR(VLOOKUP($B47,INDIRECT("'" & D$2 & "'!$C$3:$R$100"),8,FALSE),"") -> 0 | E47: =IFERROR(VLOOKUP($B47,INDIRECT("'" & E$2 & "'!$C$3:$R$100"),8,FALSE),"") -> 0 | F47: =IFERROR(VLOOKUP($B47,INDIRECT("'" & F$2 & "'!$C$3:$R$100"),8,FALSE),"") -> 0 | G47: =IFERROR(VLOOKUP(B47,'1'!$C$3:$S$100,8,FALSE),"") -> 0 | H47: =IFERROR(VLOOKUP(B47,'2'!$C$3:$S$100,8,FALSE),"") -> 0 | I47: =IFERROR(VLOOKUP($B47,INDIRECT("'" & I$2 & "'!$C$3:$R$100"),8,FALSE),"") -> 0 | J47: =IFERROR(VLOOKUP($B47,INDIRECT("'" & J$2 & "'!$C$3:$R$100"),8,FALSE),"") -> 0 | K47: =IFERROR(VLOOKUP($B47,INDIRECT("'" & K$2 & "'!$C$3:$R$100"),8,FALSE),"") -> 0 | L47: =IFERROR(VLOOKUP($B47,INDIRECT("'" & L$2 & "'!$C$3:$R$100"),8,FALSE),"") -> 0 | M47: =IFERROR(VLOOKUP($B47,INDIRECT("'" & M$2 & "'!$C$3:$R$100"),8,FALSE),"") -> 0 | N47: =IFERROR(VLOOKUP($B47,INDIRECT("'" & N$2 & "'!$C$3:$R$100"),8,FALSE),"") -> 0 | O47: =IFERROR(VLOOKUP($B47,INDIRECT("'" & O$2 & "'!$C$3:$R$100"),8,FALSE),"") -> 0 | P47: =IFERROR(VLOOKUP($B47,INDIRECT("'" & P$2 & "'!$C$3:$R$100"),8,FALSE),"") -> 0 | ... AT47: =IFERROR(VLOOKUP($B47,INDIRECT("'" & AT$2 & "'!$C$3:$R$100"),8,FALSE),"") -> 0 | AU47: =AP47/SUM($AP$4:$AP$75) -> 0 | AV47: =AD47/V47-1 -> #DIV/0! | AW47: =AP47/AH47-1 -> #DIV/0! | AX47: =AT47/AH47-1 -> #DIV/0! | BA47: =IFERROR(AN47/$AN$76,"") -> 0
A48: Private Sector Banks | B48: NAINITAL BANK LTD | C48: =IFERROR(VLOOKUP($B48,INDIRECT("'" & C$2 & "'!$C$3:$R$100"),6,FALSE),"") | D48: =IFERROR(VLOOKUP($B48,INDIRECT("'" & D$2 & "'!$C$3:$R$100"),8,FALSE),"") | E48: =IFERROR(VLOOKUP($B48,INDIRECT("'" & E$2 & "'!$C$3:$R$100"),8,FALSE),"") | F48: =IFERROR(VLOOKUP($B48,INDIRECT("'" & F$2 & "'!$C$3:$R$100"),8,FALSE),"") | G48: =IFERROR(VLOOKUP(B48,'1'!$C$3:$S$100,8,FALSE),"") | H48: =IFERROR(VLOOKUP(B48,'2'!$C$3:$S$100,8,FALSE),"") | I48: =IFERROR(VLOOKUP($B48,INDIRECT("'" & I$2 & "'!$C$3:$R$100"),8,FALSE),"") | J48: =IFERROR(VLOOKUP($B48,INDIRECT("'" & J$2 & "'!$C$3:$R$100"),8,FALSE),"") | K48: =IFERROR(VLOOKUP($B48,INDIRECT("'" & K$2 & "'!$C$3:$R$100"),8,FALSE),"") | L48: =IFERROR(VLOOKUP($B48,INDIRECT("'" & L$2 & "'!$C$3:$R$100"),8,FALSE),"") | M48: =IFERROR(VLOOKUP($B48,INDIRECT("'" & M$2 & "'!$C$3:$R$100"),8,FALSE),"") | N48: =IFERROR(VLOOKUP($B48,INDIRECT("'" & N$2 & "'!$C$3:$R$100"),8,FALSE),"") | O48: =IFERROR(VLOOKUP($B48,INDIRECT("'" & O$2 & "'!$C$3:$R$100"),8,FALSE),"") | P48: =IFERROR(VLOOKUP($B48,INDIRECT("'" & P$2 & "'!$C$3:$R$100"),8,FALSE),"") -> 0 | ... AT48: =IFERROR(VLOOKUP($B48,INDIRECT("'" & AT$2 & "'!$C$3:$R$100"),8,FALSE),"") -> 0 | AU48: =AP48/SUM($AP$4:$AP$75) -> 0 | AV48: =AD48/V48-1 -> #DIV/0! | AW48: =AP48/AH48-1 -> #DIV/0! | AX48: =AT48/AH48-1 -> #DIV/0! | BA48: =IFERROR(AN48/$AN$76,"") -> 0
A49: Private Sector Banks | B49: THE LAXMI VILAS BANK LTD | C49: =IFERROR(VLOOKUP($B49,INDIRECT("'" & C$2 & "'!$C$3:$R$100"),6,FALSE),"") -> 0 | D49: =IFERROR(VLOOKUP($B49,INDIRECT("'" & D$2 & "'!$C$3:$R$100"),8,FALSE),"") -> 0 | E49: =IFERROR(VLOOKUP($B49,INDIRECT("'" & E$2 & "'!$C$3:$R$100"),8,FALSE),"") -> 0 | F49: =IFERROR(VLOOKUP($B49,INDIRECT("'" & F$2 & "'!$C$3:$R$100"),8,FALSE),"") | AX49: =AT49/AH49-1 -> #DIV/0!
A50: Scheduled Commercial Banks | B50: UNITED BANK OF INDIA | C50: =IFERROR(VLOOKUP($B50,INDIRECT("'" & C$2 & "'!$C$3:$R$100"),6,FALSE),"") -> 7643 | D50: =IFERROR(VLOOKUP($B50,INDIRECT("'" & D$2 & "'!$C$3:$R$100"),8,FALSE),"") | E50: =IFERROR(VLOOKUP($B50,INDIRECT("'" & E$2 & "'!$C$3:$R$100"),8,FALSE),"") | F50: =IFERROR(VLOOKUP($B50,INDIRECT("'" & F$2 & "'!$C$3:$R$100"),8,FALSE),"") | AX50: =AT50/AH50-1 -> #DIV/0!
A51: Scheduled Commercial Banks | B51: SYNDICATE BANK | C51: =IFERROR(VLOOKUP($B51,INDIRECT("'" & C$2 & "'!$C$3:$R$100"),6,FALSE),"") -> 46511 | D51: =IFERROR(VLOOKUP($B51,INDIRECT("'" & D$2 & "'!$C$3:$R$100"),8,FALSE),"") | E51: =IFERROR(VLOOKUP($B51,INDIRECT("'" & E$2 & "'!$C$3:$R$100"),8,FALSE),"") | F51: =IFERROR(VLOOKUP($B51,INDIRECT("'" & F$2 & "'!$C$3:$R$100"),8,FALSE),"") | AX51: =AT51/AH51-1 -> #DIV/0!
A52: Scheduled Commercial Banks | B52: ORIENTAL BANK OF COMMERCE | C52: =IFERROR(VLOOKUP($B52,INDIRECT("'" & C$2 & "'!$C$3:$R$100"),6,FALSE),"") -> 0 | D52: =IFERROR(VLOOKUP($B52,INDIRECT("'" & D$2 & "'!$C$3:$R$100"),8,FALSE),"") | E52: =IFERROR(VLOOKUP($B52,INDIRECT("'" & E$2 & "'!$C$3:$R$100"),8,FALSE),"") | F52: =IFERROR(VLOOKUP($B52,INDIRECT("'" & F$2 & "'!$C$3:$R$100"),8,FALSE),"") | AX52: =AT52/AH52-1 -> #DIV/0!
A53: Scheduled Commercial Banks | B53: CORPORATION BANK | C53: =IFERROR(VLOOKUP($B53,INDIRECT("'" & C$2 & "'!$C$3:$R$100"),6,FALSE),"") -> 114497 | D53: =IFERROR(VLOOKUP($B53,INDIRECT("'" & D$2 & "'!$C$3:$R$100"),8,FALSE),"") | E53: =IFERROR(VLOOKUP($B53,INDIRECT("'" & E$2 & "'!$C$3:$R$100"),8,FALSE),"") | F53: =IFERROR(VLOOKUP($B53,INDIRECT("'" & F$2 & "'!$C$3:$R$100"),8,FALSE),"") | AX53: =AT53/AH53-1 -> #DIV/0!
A54: Scheduled Commercial Banks | B54: ALLAHABAD BANK | C54: =IFERROR(VLOOKUP($B54,INDIRECT("'" & C$2 & "'!$C$3:$R$100"),6,FALSE),"") -> 0 | D54: =IFERROR(VLOOKUP($B54,INDIRECT("'" & D$2 & "'!$C$3:$R$100"),8,FALSE),"") | E54: =IFERROR(VLOOKUP($B54,INDIRECT("'" & E$2 & "'!$C$3:$R$100"),8,FALSE),"") | F54: =IFERROR(VLOOKUP($B54,INDIRECT("'" & F$2 & "'!$C$3:$R$100"),8,FALSE),"") | AX54: =AT54/AH54-1 -> #DIV/0!
A55: Scheduled Commercial Banks | B55: ANDHRA BANK | C55: =IFERROR(VLOOKUP($B55,INDIRECT("'" & C$2 & "'!$C$3:$R$100"),6,FALSE),"") -> 303962 | D55: =IFERROR(VLOOKUP($B55,INDIRECT("'" & D$2 & "'!$C$3:$R$100"),8,FALSE),"") | E55: =IFERROR(VLOOKUP($B55,INDIRECT("'" & E$2 & "'!$C$3:$R$100"),8,FALSE),"") | F55: =IFERROR(VLOOKUP($B55,INDIRECT("'" & F$2 & "'!$C$3:$R$100"),8,FALSE),"") | AX55: =AT55/AH55-1 -> #DIV/0!
A56: Foreign Banks | B56: BANK OF AMERICA | C56: =IFERROR(VLOOKUP($B56,INDIRECT("'" & C$2 & "'!$C$3:$R$100"),6,FALSE),"") -> 27795 | D56: =IFERROR(VLOOKUP($B56,INDIRECT("'" & D$2 & "'!$C$3:$R$100"),8,FALSE),"") -> 25900 | E56: =IFERROR(VLOOKUP($B56,INDIRECT("'" & E$2 & "'!$C$3:$R$100"),8,FALSE),"") -> 25201 | F56: =IFERROR(VLOOKUP($B56,INDIRECT("'" & F$2 & "'!$C$3:$R$100"),8,FALSE),"") -> 22892 | G56: =IFERROR(VLOOKUP(B56,'1'!$C$3:$S$100,8,FALSE),"") -> 22137 | H56: =IFERROR(VLOOKUP(B56,'2'!$C$3:$S$100,8,FALSE),"") -> 21955 | I56: =IFERROR(VLOOKUP($B56,INDIRECT("'" & I$2 & "'!$C$3:$R$100"),8,FALSE),"") -> 21756 | J56: =IFERROR(VLOOKUP($B56,INDIRECT("'" & J$2 & "'!$C$3:$R$100"),8,FALSE),"") -> 21588 | K56: =IFERROR(VLOOKUP($B56,INDIRECT("'" & K$2 & "'!$C$3:$R$100"),8,FALSE),"") -> 21417 | L56: =IFERROR(VLOOKUP($B56,INDIRECT("'" & L$2 & "'!$C$3:$R$100"),8,FALSE),"") -> 21274 | M56: =IFERROR(VLOOKUP($B56,INDIRECT("'" & M$2 & "'!$C$3:$R$100"),8,FALSE),"") -> 21092 | N56: =IFERROR(VLOOKUP($B56,INDIRECT("'" & N$2 & "'!$C$3:$R$100"),8,FALSE),"") -> 19589 | O56: =IFERROR(VLOOKUP($B56,INDIRECT("'" & O$2 & "'!$C$3:$R$100"),8,FALSE),"") -> 17930 | P56: =IFERROR(VLOOKUP($B56,INDIRECT("'" & P$2 & "'!$C$3:$R$100"),8,FALSE),"") -> 7241 | ... AT56: =IFERROR(VLOOKUP($B56,INDIRECT("'" & AT$2 & "'!$C$3:$R$100"),8,FALSE),"") -> 0 | AU56: =AP56/SUM($AP$4:$AP$75) -> 0 | AV56: =AD56/V56-1 -> #DIV/0! | AW56: =AP56/AH56-1 -> #DIV/0! | AX56: =AT56/AH56-1 -> #DIV/0! | BA56: =IFERROR(AN56/$AN$76,"") -> 0
A57: Foreign Banks | B57: BANK OF BAHRAIN & KUWAIT B.S.C. | C57: =IFERROR(VLOOKUP($B57,INDIRECT("'" & C$2 & "'!$C$3:$R$100"),6,FALSE),"") | D57: =IFERROR(VLOOKUP($B57,INDIRECT("'" & D$2 & "'!$C$3:$R$100"),8,FALSE),"") | E57: =IFERROR(VLOOKUP($B57,INDIRECT("'" & E$2 & "'!$C$3:$R$100"),8,FALSE),"") | F57: =IFERROR(VLOOKUP($B57,INDIRECT("'" & F$2 & "'!$C$3:$R$100"),8,FALSE),"") | G57: =IFERROR(VLOOKUP(B57,'1'!$C$3:$S$100,8,FALSE),"") | H57: =IFERROR(VLOOKUP(B57,'2'!$C$3:$S$100,8,FALSE),"") | I57: =IFERROR(VLOOKUP($B57,INDIRECT("'" & I$2 & "'!$C$3:$R$100"),8,FALSE),"") | J57: =IFERROR(VLOOKUP($B57,INDIRECT("'" & J$2 & "'!$C$3:$R$100"),8,FALSE),"") | K57: =IFERROR(VLOOKUP($B57,INDIRECT("'" & K$2 & "'!$C$3:$R$100"),8,FALSE),"") | L57: =IFERROR(VLOOKUP($B57,INDIRECT("'" & L$2 & "'!$C$3:$R$100"),8,FALSE),"") | M57: =IFERROR(VLOOKUP($B57,INDIRECT("'" & M$2 & "'!$C$3:$R$100"),8,FALSE),"") | N57: =IFERROR(VLOOKUP($B57,INDIRECT("'" & N$2 & "'!$C$3:$R$100"),8,FALSE),"") | O57: =IFERROR(VLOOKUP($B57,INDIRECT("'" & O$2 & "'!$C$3:$R$100"),8,FALSE),"") | P57: =IFERROR(VLOOKUP($B57,INDIRECT("'" & P$2 & "'!$C$3:$R$100"),8,FALSE),"") | ... AT57: =IFERROR(VLOOKUP($B57,INDIRECT("'" & AT$2 & "'!$C$3:$R$100"),8,FALSE),"") -> 0 | AU57: =AP57/SUM($AP$4:$AP$75) -> 0 | AV57: =AD57/V57-1 -> #VALUE! | AW57: =AP57/AH57-1 -> #DIV/0! | AX57: =AT57/AH57-1 -> #DIV/0! | BA57: =IFERROR(AN57/$AN$76,"") -> 0
A58: Foreign Banks | B58: BARCLAYS BANK PLC | C58: =IFERROR(VLOOKUP($B58,INDIRECT("'" & C$2 & "'!$C$3:$R$100"),6,FALSE),"") -> 0 | D58: =IFERROR(VLOOKUP($B58,INDIRECT("'" & D$2 & "'!$C$3:$R$100"),8,FALSE),"") -> 0 | E58: =IFERROR(VLOOKUP($B58,INDIRECT("'" & E$2 & "'!$C$3:$R$100"),8,FALSE),"") -> 0 | F58: =IFERROR(VLOOKUP($B58,INDIRECT("'" & F$2 & "'!$C$3:$R$100"),8,FALSE),"") -> 0 | G58: =IFERROR(VLOOKUP(B58,'1'!$C$3:$S$100,8,FALSE),"") -> 0 | H58: =IFERROR(VLOOKUP(B58,'2'!$C$3:$S$100,8,FALSE),"") -> 0 | I58: =IFERROR(VLOOKUP($B58,INDIRECT("'" & I$2 & "'!$C$3:$R$100"),8,FALSE),"") -> 0 | J58: =IFERROR(VLOOKUP($B58,INDIRECT("'" & J$2 & "'!$C$3:$R$100"),8,FALSE),"") -> 0 | K58: =IFERROR(VLOOKUP($B58,INDIRECT("'" & K$2 & "'!$C$3:$R$100"),8,FALSE),"") -> 0 | L58: =IFERROR(VLOOKUP($B58,INDIRECT("'" & L$2 & "'!$C$3:$R$100"),8,FALSE),"") -> 0 | M58: =IFERROR(VLOOKUP($B58,INDIRECT("'" & M$2 & "'!$C$3:$R$100"),8,FALSE),"") -> 0 | N58: =IFERROR(VLOOKUP($B58,INDIRECT("'" & N$2 & "'!$C$3:$R$100"),8,FALSE),"") -> 0 | O58: =IFERROR(VLOOKUP($B58,INDIRECT("'" & O$2 & "'!$C$3:$R$100"),8,FALSE),"") -> 0 | P58: =IFERROR(VLOOKUP($B58,INDIRECT("'" & P$2 & "'!$C$3:$R$100"),8,FALSE),"") -> 0 | ... AT58: =IFERROR(VLOOKUP($B58,INDIRECT("'" & AT$2 & "'!$C$3:$R$100"),8,FALSE),"") -> 0 | AU58: =AP58/SUM($AP$4:$AP$75) -> 0 | AV58: =AD58/V58-1 -> #DIV/0! | AW58: =AP58/AH58-1 -> #DIV/0! | AX58: =AT58/AH58-1 -> #DIV/0! | BA58: =IFERROR(AN58/$AN$76,"") -> 0
A59: Foreign Banks | B59: DEUTSCHE BANK LTD | C59: =IFERROR(VLOOKUP($B59,INDIRECT("'" & C$2 & "'!$C$3:$R$100"),6,FALSE),"") -> 0 | D59: =IFERROR(VLOOKUP($B59,INDIRECT("'" & D$2 & "'!$C$3:$R$100"),8,FALSE),"") -> 0 | E59: =IFERROR(VLOOKUP($B59,INDIRECT("'" & E$2 & "'!$C$3:$R$100"),8,FALSE),"") -> 0 | F59: =IFERROR(VLOOKUP($B59,INDIRECT("'" & F$2 & "'!$C$3:$R$100"),8,FALSE),"") -> 0 | G59: =IFERROR(VLOOKUP(B59,'1'!$C$3:$S$100,8,FALSE),"") -> 0 | H59: =IFERROR(VLOOKUP(B59,'2'!$C$3:$S$100,8,FALSE),"") -> 0 | I59: =IFERROR(VLOOKUP($B59,INDIRECT("'" & I$2 & "'!$C$3:$R$100"),8,FALSE),"") -> 0 | J59: =IFERROR(VLOOKUP($B59,INDIRECT("'" & J$2 & "'!$C$3:$R$100"),8,FALSE),"") -> 0 | K59: =IFERROR(VLOOKUP($B59,INDIRECT("'" & K$2 & "'!$C$3:$R$100"),8,FALSE),"") -> 0 | L59: =IFERROR(VLOOKUP($B59,INDIRECT("'" & L$2 & "'!$C$3:$R$100"),8,FALSE),"") -> 0 | M59: =IFERROR(VLOOKUP($B59,INDIRECT("'" & M$2 & "'!$C$3:$R$100"),8,FALSE),"") -> 0 | N59: =IFERROR(VLOOKUP($B59,INDIRECT("'" & N$2 & "'!$C$3:$R$100"),8,FALSE),"") -> 0 | O59: =IFERROR(VLOOKUP($B59,INDIRECT("'" & O$2 & "'!$C$3:$R$100"),8,FALSE),"") -> 0 | P59: =IFERROR(VLOOKUP($B59,INDIRECT("'" & P$2 & "'!$C$3:$R$100"),8,FALSE),"") -> 0 | ... AT59: =IFERROR(VLOOKUP($B59,INDIRECT("'" & AT$2 & "'!$C$3:$R$100"),8,FALSE),"") -> 0 | AU59: =AP59/SUM($AP$4:$AP$75) -> 0 | AV59: =AD59/V59-1 -> #DIV/0! | AW59: =AP59/AH59-1 -> #DIV/0! | AX59: =AT59/AH59-1 -> #DIV/0! | BA59: =IFERROR(AN59/$AN$76,"") -> 0
A60: Foreign Banks | B60: DOHA BANK Q.P.S.C. | C60: =IFERROR(VLOOKUP($B60,INDIRECT("'" & C$2 & "'!$C$3:$R$100"),6,FALSE),"") | D60: =IFERROR(VLOOKUP($B60,INDIRECT("'" & D$2 & "'!$C$3:$R$100"),8,FALSE),"") | E60: =IFERROR(VLOOKUP($B60,INDIRECT("'" & E$2 & "'!$C$3:$R$100"),8,FALSE),"") | F60: =IFERROR(VLOOKUP($B60,INDIRECT("'" & F$2 & "'!$C$3:$R$100"),8,FALSE),"") | G60: =IFERROR(VLOOKUP(B60,'1'!$C$3:$S$100,8,FALSE),"") | H60: =IFERROR(VLOOKUP(B60,'2'!$C$3:$S$100,8,FALSE),"") | I60: =IFERROR(VLOOKUP($B60,INDIRECT("'" & I$2 & "'!$C$3:$R$100"),8,FALSE),"") | J60: =IFERROR(VLOOKUP($B60,INDIRECT("'" & J$2 & "'!$C$3:$R$100"),8,FALSE),"") | K60: =IFERROR(VLOOKUP($B60,INDIRECT("'" & K$2 & "'!$C$3:$R$100"),8,FALSE),"") | L60: =IFERROR(VLOOKUP($B60,INDIRECT("'" & L$2 & "'!$C$3:$R$100"),8,FALSE),"") | M60: =IFERROR(VLOOKUP($B60,INDIRECT("'" & M$2 & "'!$C$3:$R$100"),8,FALSE),"") | N60: =IFERROR(VLOOKUP($B60,INDIRECT("'" & N$2 & "'!$C$3:$R$100"),8,FALSE),"") | O60: =IFERROR(VLOOKUP($B60,INDIRECT("'" & O$2 & "'!$C$3:$R$100"),8,FALSE),"") | P60: =IFERROR(VLOOKUP($B60,INDIRECT("'" & P$2 & "'!$C$3:$R$100"),8,FALSE),"") | ... AT60: =IFERROR(VLOOKUP($B60,INDIRECT("'" & AT$2 & "'!$C$3:$R$100"),8,FALSE),"") -> 0 | AU60: =AP60/SUM($AP$4:$AP$75) -> 0 | AV60: =AD60/V60-1 -> #VALUE! | AW60: =AP60/AH60-1 -> #DIV/0! | AX60: =AT60/AH60-1 -> #DIV/0! | BA60: =IFERROR(AN60/$AN$76,"") -> 0
A61: Foreign Banks | B61: KEB HANA BANK | C61: =IFERROR(VLOOKUP($B61,INDIRECT("'" & C$2 & "'!$C$3:$R$100"),6,FALSE),"") | D61: =IFERROR(VLOOKUP($B61,INDIRECT("'" & D$2 & "'!$C$3:$R$100"),8,FALSE),"") | E61: =IFERROR(VLOOKUP($B61,INDIRECT("'" & E$2 & "'!$C$3:$R$100"),8,FALSE),"") | F61: =IFERROR(VLOOKUP($B61,INDIRECT("'" & F$2 & "'!$C$3:$R$100"),8,FALSE),"") | G61: =IFERROR(VLOOKUP(B61,'1'!$C$3:$S$100,8,FALSE),"") | H61: =IFERROR(VLOOKUP(B61,'2'!$C$3:$S$100,8,FALSE),"") | I61: =IFERROR(VLOOKUP($B61,INDIRECT("'" & I$2 & "'!$C$3:$R$100"),8,FALSE),"") | J61: =IFERROR(VLOOKUP($B61,INDIRECT("'" & J$2 & "'!$C$3:$R$100"),8,FALSE),"") | K61: =IFERROR(VLOOKUP($B61,INDIRECT("'" & K$2 & "'!$C$3:$R$100"),8,FALSE),"") | L61: =IFERROR(VLOOKUP($B61,INDIRECT("'" & L$2 & "'!$C$3:$R$100"),8,FALSE),"") | M61: =IFERROR(VLOOKUP($B61,INDIRECT("'" & M$2 & "'!$C$3:$R$100"),8,FALSE),"") | N61: =IFERROR(VLOOKUP($B61,INDIRECT("'" & N$2 & "'!$C$3:$R$100"),8,FALSE),"") | O61: =IFERROR(VLOOKUP($B61,INDIRECT("'" & O$2 & "'!$C$3:$R$100"),8,FALSE),"") | P61: =IFERROR(VLOOKUP($B61,INDIRECT("'" & P$2 & "'!$C$3:$R$100"),8,FALSE),"") | ... AT61: =IFERROR(VLOOKUP($B61,INDIRECT("'" & AT$2 & "'!$C$3:$R$100"),8,FALSE),"") -> 0 | AU61: =AP61/SUM($AP$4:$AP$75) -> 0 | AV61: =AD61/V61-1 -> #VALUE! | AW61: =AP61/AH61-1 -> #DIV/0! | AX61: =AT61/AH61-1 -> #DIV/0! | BA61: =IFERROR(AN61/$AN$76,"") -> 0
A62: Foreign Banks | B62: KOOKMIN BANK | C62: =IFERROR(VLOOKUP($B62,INDIRECT("'" & C$2 & "'!$C$3:$R$100"),6,FALSE),"") | D62: =IFERROR(VLOOKUP($B62,INDIRECT("'" & D$2 & "'!$C$3:$R$100"),8,FALSE),"") | E62: =IFERROR(VLOOKUP($B62,INDIRECT("'" & E$2 & "'!$C$3:$R$100"),8,FALSE),"") | F62: =IFERROR(VLOOKUP($B62,INDIRECT("'" & F$2 & "'!$C$3:$R$100"),8,FALSE),"") | G62: =IFERROR(VLOOKUP(B62,'1'!$C$3:$S$100,8,FALSE),"") | H62: =IFERROR(VLOOKUP(B62,'2'!$C$3:$S$100,8,FALSE),"") | I62: =IFERROR(VLOOKUP($B62,INDIRECT("'" & I$2 & "'!$C$3:$R$100"),8,FALSE),"") | J62: =IFERROR(VLOOKUP($B62,INDIRECT("'" & J$2 & "'!$C$3:$R$100"),8,FALSE),"") | K62: =IFERROR(VLOOKUP($B62,INDIRECT("'" & K$2 & "'!$C$3:$R$100"),8,FALSE),"") | L62: =IFERROR(VLOOKUP($B62,INDIRECT("'" & L$2 & "'!$C$3:$R$100"),8,FALSE),"") | M62: =IFERROR(VLOOKUP($B62,INDIRECT("'" & M$2 & "'!$C$3:$R$100"),8,FALSE),"") | N62: =IFERROR(VLOOKUP($B62,INDIRECT("'" & N$2 & "'!$C$3:$R$100"),8,FALSE),"") | O62: =IFERROR(VLOOKUP($B62,INDIRECT("'" & O$2 & "'!$C$3:$R$100"),8,FALSE),"") | P62: =IFERROR(VLOOKUP($B62,INDIRECT("'" & P$2 & "'!$C$3:$R$100"),8,FALSE),"") | ... AT62: =IFERROR(VLOOKUP($B62,INDIRECT("'" & AT$2 & "'!$C$3:$R$100"),8,FALSE),"") -> 0 | AU62: =AP62/SUM($AP$4:$AP$75) -> 0 | AV62: =AD62/V62-1 -> #VALUE! | AW62: =AP62/AH62-1 -> #DIV/0! | AX62: =AT62/AH62-1 -> #DIV/0! | BA62: =IFERROR(AN62/$AN$76,"") -> 0
A63: Foreign Banks | B63: WOORI BANK | C63: =IFERROR(VLOOKUP($B63,INDIRECT("'" & C$2 & "'!$C$3:$R$100"),6,FALSE),"") | D63: =IFERROR(VLOOKUP($B63,INDIRECT("'" & D$2 & "'!$C$3:$R$100"),8,FALSE),"") | E63: =IFERROR(VLOOKUP($B63,INDIRECT("'" & E$2 & "'!$C$3:$R$100"),8,FALSE),"") | F63: =IFERROR(VLOOKUP($B63,INDIRECT("'" & F$2 & "'!$C$3:$R$100"),8,FALSE),"") | G63: =IFERROR(VLOOKUP(B63,'1'!$C$3:$S$100,8,FALSE),"") | H63: =IFERROR(VLOOKUP(B63,'2'!$C$3:$S$100,8,FALSE),"") | I63: =IFERROR(VLOOKUP($B63,INDIRECT("'" & I$2 & "'!$C$3:$R$100"),8,FALSE),"") | J63: =IFERROR(VLOOKUP($B63,INDIRECT("'" & J$2 & "'!$C$3:$R$100"),8,FALSE),"") | K63: =IFERROR(VLOOKUP($B63,INDIRECT("'" & K$2 & "'!$C$3:$R$100"),8,FALSE),"") | L63: =IFERROR(VLOOKUP($B63,INDIRECT("'" & L$2 & "'!$C$3:$R$100"),8,FALSE),"") | M63: =IFERROR(VLOOKUP($B63,INDIRECT("'" & M$2 & "'!$C$3:$R$100"),8,FALSE),"") | N63: =IFERROR(VLOOKUP($B63,INDIRECT("'" & N$2 & "'!$C$3:$R$100"),8,FALSE),"") | O63: =IFERROR(VLOOKUP($B63,INDIRECT("'" & O$2 & "'!$C$3:$R$100"),8,FALSE),"") | P63: =IFERROR(VLOOKUP($B63,INDIRECT("'" & P$2 & "'!$C$3:$R$100"),8,FALSE),"") | ... AT63: =IFERROR(VLOOKUP($B63,INDIRECT("'" & AT$2 & "'!$C$3:$R$100"),8,FALSE),"") -> 0 | AU63: =AP63/SUM($AP$4:$AP$75) -> 0 | AV63: =AD63/V63-1 -> #DIV/0! | AW63: =AP63/AH63-1 -> #DIV/0! | AX63: =AT63/AH63-1 -> #DIV/0! | BA63: =IFERROR(AN63/$AN$76,"") -> 0
A64: Payment Banks | B64: AIRTEL PAYMENTS BANK | C64: =IFERROR(VLOOKUP($B64,INDIRECT("'" & C$2 & "'!$C$3:$R$100"),6,FALSE),"") -> 0 | D64: =IFERROR(VLOOKUP($B64,INDIRECT("'" & D$2 & "'!$C$3:$R$100"),8,FALSE),"") -> 0 | E64: =IFERROR(VLOOKUP($B64,INDIRECT("'" & E$2 & "'!$C$3:$R$100"),8,FALSE),"") -> 0 | F64: =IFERROR(VLOOKUP($B64,INDIRECT("'" & F$2 & "'!$C$3:$R$100"),8,FALSE),"") -> 0 | G64: =IFERROR(VLOOKUP(B64,'1'!$C$3:$S$100,8,FALSE),"") -> 0 | H64: =IFERROR(VLOOKUP(B64,'2'!$C$3:$S$100,8,FALSE),"") -> 0 | I64: =IFERROR(VLOOKUP($B64,INDIRECT("'" & I$2 & "'!$C$3:$R$100"),8,FALSE),"") -> 0 | J64: =IFERROR(VLOOKUP($B64,INDIRECT("'" & J$2 & "'!$C$3:$R$100"),8,FALSE),"") -> 0 | K64: =IFERROR(VLOOKUP($B64,INDIRECT("'" & K$2 & "'!$C$3:$R$100"),8,FALSE),"") -> 0 | L64: =IFERROR(VLOOKUP($B64,INDIRECT("'" & L$2 & "'!$C$3:$R$100"),8,FALSE),"") -> 0 | M64: =IFERROR(VLOOKUP($B64,INDIRECT("'" & M$2 & "'!$C$3:$R$100"),8,FALSE),"") -> 0 | N64: =IFERROR(VLOOKUP($B64,INDIRECT("'" & N$2 & "'!$C$3:$R$100"),8,FALSE),"") -> 0 | O64: =IFERROR(VLOOKUP($B64,INDIRECT("'" & O$2 & "'!$C$3:$R$100"),8,FALSE),"") -> 0 | P64: =IFERROR(VLOOKUP($B64,INDIRECT("'" & P$2 & "'!$C$3:$R$100"),8,FALSE),"") -> 0 | ... AT64: =IFERROR(VLOOKUP($B64,INDIRECT("'" & AT$2 & "'!$C$3:$R$100"),8,FALSE),"") -> 0 | AU64: =AP64/SUM($AP$4:$AP$75) -> 0 | AV64: =AD64/V64-1 -> #DIV/0! | AW64: =AP64/AH64-1 -> #DIV/0! | AX64: =AT64/AH64-1 -> #DIV/0! | BA64: =IFERROR(AN64/$AN$76,"") -> 0
A65: Payment Banks | B65: FINO PAYMENTS BANK | C65: =IFERROR(VLOOKUP($B65,INDIRECT("'" & C$2 & "'!$C$3:$R$100"),6,FALSE),"") -> 0 | D65: =IFERROR(VLOOKUP($B65,INDIRECT("'" & D$2 & "'!$C$3:$R$100"),8,FALSE),"") -> 0 | E65: =IFERROR(VLOOKUP($B65,INDIRECT("'" & E$2 & "'!$C$3:$R$100"),8,FALSE),"") -> 0 | F65: =IFERROR(VLOOKUP($B65,INDIRECT("'" & F$2 & "'!$C$3:$R$100"),8,FALSE),"") -> 0 | G65: =IFERROR(VLOOKUP(B65,'1'!$C$3:$S$100,8,FALSE),"") -> 0 | H65: =IFERROR(VLOOKUP(B65,'2'!$C$3:$S$100,8,FALSE),"") -> 0 | I65: =IFERROR(VLOOKUP($B65,INDIRECT("'" & I$2 & "'!$C$3:$R$100"),8,FALSE),"") -> 0 | J65: =IFERROR(VLOOKUP($B65,INDIRECT("'" & J$2 & "'!$C$3:$R$100"),8,FALSE),"") -> 0 | K65: =IFERROR(VLOOKUP($B65,INDIRECT("'" & K$2 & "'!$C$3:$R$100"),8,FALSE),"") -> 0 | L65: =IFERROR(VLOOKUP($B65,INDIRECT("'" & L$2 & "'!$C$3:$R$100"),8,FALSE),"") -> 0 | M65: =IFERROR(VLOOKUP($B65,INDIRECT("'" & M$2 & "'!$C$3:$R$100"),8,FALSE),"") -> 0 | N65: =IFERROR(VLOOKUP($B65,INDIRECT("'" & N$2 & "'!$C$3:$R$100"),8,FALSE),"") -> 0 | O65: =IFERROR(VLOOKUP($B65,INDIRECT("'" & O$2 & "'!$C$3:$R$100"),8,FALSE),"") -> 0 | P65: =IFERROR(VLOOKUP($B65,INDIRECT("'" & P$2 & "'!$C$3:$R$100"),8,FALSE),"") -> 0 | ... AT65: =IFERROR(VLOOKUP($B65,INDIRECT("'" & AT$2 & "'!$C$3:$R$100"),8,FALSE),"") -> 0 | AU65: =AP65/SUM($AP$4:$AP$75) -> 0 | AV65: =AD65/V65-1 -> #DIV/0! | AW65: =AP65/AH65-1 -> #DIV/0! | AX65: =AT65/AH65-1 -> #DIV/0! | BA65: =IFERROR(AN65/$AN$76,"") -> 0
A66: Payment Banks | B66: INDIA POST PAYMENTS BANK | C66: =IFERROR(VLOOKUP($B66,INDIRECT("'" & C$2 & "'!$C$3:$R$100"),6,FALSE),"") -> 0 | D66: =IFERROR(VLOOKUP($B66,INDIRECT("'" & D$2 & "'!$C$3:$R$100"),8,FALSE),"") -> 0 | E66: =IFERROR(VLOOKUP($B66,INDIRECT("'" & E$2 & "'!$C$3:$R$100"),8,FALSE),"") -> 0 | F66: =IFERROR(VLOOKUP($B66,INDIRECT("'" & F$2 & "'!$C$3:$R$100"),8,FALSE),"") -> 0 | G66: =IFERROR(VLOOKUP(B66,'1'!$C$3:$S$100,8,FALSE),"") -> 0 | H66: =IFERROR(VLOOKUP(B66,'2'!$C$3:$S$100,8,FALSE),"") -> 0 | I66: =IFERROR(VLOOKUP($B66,INDIRECT("'" & I$2 & "'!$C$3:$R$100"),8,FALSE),"") -> 0 | J66: =IFERROR(VLOOKUP($B66,INDIRECT("'" & J$2 & "'!$C$3:$R$100"),8,FALSE),"") -> 0 | K66: =IFERROR(VLOOKUP($B66,INDIRECT("'" & K$2 & "'!$C$3:$R$100"),8,FALSE),"") -> 0 | L66: =IFERROR(VLOOKUP($B66,INDIRECT("'" & L$2 & "'!$C$3:$R$100"),8,FALSE),"") -> 0 | M66: =IFERROR(VLOOKUP($B66,INDIRECT("'" & M$2 & "'!$C$3:$R$100"),8,FALSE),"") -> 0 | N66: =IFERROR(VLOOKUP($B66,INDIRECT("'" & N$2 & "'!$C$3:$R$100"),8,FALSE),"") -> 0 | O66: =IFERROR(VLOOKUP($B66,INDIRECT("'" & O$2 & "'!$C$3:$R$100"),8,FALSE),"") -> 0 | P66: =IFERROR(VLOOKUP($B66,INDIRECT("'" & P$2 & "'!$C$3:$R$100"),8,FALSE),"") -> 0 | ... AT66: =IFERROR(VLOOKUP($B66,INDIRECT("'" & AT$2 & "'!$C$3:$R$100"),8,FALSE),"") -> 0 | AU66: =AP66/SUM($AP$4:$AP$75) -> 0 | AV66: =AD66/V66-1 -> #DIV/0! | AW66: =AP66/AH66-1 -> #DIV/0! | AX66: =AT66/AH66-1 -> #DIV/0! | BA66: =IFERROR(AN66/$AN$76,"") -> 0
